{"version":6,"hash":{"type":"Buffer","data":"g1F2zKxr9d+mtR4krxnmsUgQKfgi+qQsgHPWtytIuouPtOCzMK93LUzSTCDa8Q/hVQhcvMeHo7wQ2Pg03Wq9NxOS3gaBKTBwk90V9E2f3fuaWvnOdkD+n/ZwIPCBieaJjSPuCG1YcU3wuvcxgooEhYOgwhSioeL0SIQeAPFdsZA="},"indexValueMap":{"K7/uRVirvM2vFMa2Frjwxg1k0hJiPZLJUSE5FMAKPfA=":{"valueMac":{"type":"Buffer","data":"B0JDUiuUbReeuWD8uVPcg6C1LQuOnGt0B/SWtz0pa90="}},"Mc++6iWT0ysf9aWHtizqNylEtQjOzSdwCvXcC/gsphI=":{"valueMac":{"type":"Buffer","data":"f+rGSY7Dpr/DSiEjNurdh2YcaL/8nqAtblk69b/uwIU="}},"MeIzi7snL+8EVSvGSbfzOKJ3eDLk7RCUdf9KUsDBE/c=":{"valueMac":{"type":"Buffer","data":"GVU8zrAhT0Uwlp0VLFRU+9xxfx4Hrpzt+xKVrcR7nhc="}},"QXsvuIRfTovcJ2iXKR5ZJwIbP4sXGiLoEmOKMeuKK+Y=":{"valueMac":{"type":"Buffer","data":"1ddf3SlIUsU59a9Sk1mjTRd9LaeLA/b49zheOWI2ORY="}},"SznUJ+fC0R0KY+v3dX9XKgVjoJCldqXReL2SRC4Bb38=":{"valueMac":{"type":"Buffer","data":"Ta7mKYxAMuoaopzRjKGLGY5wr4hzGnBMvyXQmIHg9EY="}},"WcsI/6HHeBR1tqpEQl96/rxJETIbiuwQt14movXpIb8=":{"valueMac":{"type":"Buffer","data":"RF8ixcRBwSjE6ajPd16Ehea134nc1qBn9CDjN+OyhR0="}},"bRgQOcqBX4toFPriqK8oVZuCrPN7u69k2jI9HIcPpXk=":{"valueMac":{"type":"Buffer","data":"XjHz+W4hVhHhTS1Yj/+Snt1g5zef4K6LvGdJwEAsmgU="}},"w2srapy6numUnobNLZtrwD71sfJT9sJ44wTmOLj/kaQ=":{"valueMac":{"type":"Buffer","data":"yNbQ924pWYi0o39Y0+l7GepMOwR5aNKj/LzBOJLZStY="}},"xas+swA1jfJMK2JQnMJuWtQzYBUSxoJj3JsHAjZUOJU=":{"valueMac":{"type":"Buffer","data":"IjIZx0eJDoGKMMoaI4w7EjggIyKXyzOHYNINqzUMKR4="}},"x6E9XuYrR6fJMpKvdp9EpG8LC23kuPZ1CifeaiCcox8=":{"valueMac":{"type":"Buffer","data":"tCBoYNPWgwrLG5uT2Z8NNaB3XGrDasCBZAd6Dz0t7Dw="}},"7cc3KKQDj1qDLOAsKVJoH5Rm2krekPmh8/vNviK39ac=":{"valueMac":{"type":"Buffer","data":"rHP6uK9X8f+vZKBC3Px62xCyLdIemHlDp6fYqHfmOz0="}},"0atSIH5WISxVDJCZ4736klSN3dehRv4KVSbq4C+YUwU=":{"valueMac":{"type":"Buffer","data":"xA3h/Wp9GALT+OwooG7HmggxHfnMyQx1KapEnzfsyqw="}},"K1y8lJESZRmbnZEpysMr/UVTfiI0VmWYsINbvekk4m4=":{"valueMac":{"type":"Buffer","data":"Y955rHJFd52i+HeiKbORLSBOBbE5nNgUheGfohNSn8s="}}}}