{"version":6,"hash":{"type":"Buffer","data":"B4F9qoPfeFbouaAWHqG9q+Illt3A+XTtSh0MWsgPg4tPY5zu7m//bASJzQbpgaE4AX8WEU8jqBn9xPeHtT9QyFD8aLqRe+bTZl8fXcs2V2inX/JEi52bxwvmCQQL4A6GocXRTGXIe4cIDO2g1Funh/U36W0LRuFy04EIqrWQnyI="},"indexValueMap":{"H2QcNG7oEjUzriEz3L+OINFSV8MXEzY/cCinE9TIGCk=":{"valueMac":{"type":"Buffer","data":"IKaWvLrKHc7eFP+/Ew44rqidL/r0WCfLEMsk7ere8l0="}},"ID0lDZlcCjxNmUCNt+T6D73gNkYBBSdiWmA4N4yEUiQ=":{"valueMac":{"type":"Buffer","data":"ZgQTxIogIn+ToA+do0bA5BYyZiPvSLgK5t9oIuOhw/Q="}},"KAmGHVTtGnq0P0Po+LCduz+Qz9jQ2yHHttlqLe3ARyM=":{"valueMac":{"type":"Buffer","data":"fJlP/zl7NxSeHgR5NJtMSyUjQv39VgdO2BlqAupXbdw="}},"UQeXBW9Dim63yxj1QhCtduVCOI4YikUSRKNN5RLw5+c=":{"valueMac":{"type":"Buffer","data":"miBMnArNsIo9PJvRLbDQriLoWFHjqvP4YtGP5O6MYUM="}},"VlDbjZUOLUysxDBd0gG72MKv2mbJ0MpajbfAlB+skDc=":{"valueMac":{"type":"Buffer","data":"Otd5iYtKA7nVUQgrYtzE+g0D/ZN9cWHeAFPPA2RdxFw="}},"rWWhYd4WeKa6oT0nIdYJ1hmJQ+dw8E7h6KPQWquwcVQ=":{"valueMac":{"type":"Buffer","data":"d95A8eKYku2Wub4i8Fe5PaZVhcjqsROtnhWB3zEPYII="}},"54Q2eQICP1rNVW3N3yZC8JpoqzJYLYvPmw5fSkplbas=":{"valueMac":{"type":"Buffer","data":"co/K4IB4j8QVist/SISFtZMU1yEjesRSUTZ5p8N/WaY="}},"9ueX2/OTjWbuhcL2/Z1Z8wl/u7iErYOG8xT5LzWnqAg=":{"valueMac":{"type":"Buffer","data":"dn5jP6cR8g8ftyORpv2df/JVpiL2tEzrHBccAPKGxyU="}},"tYGvHgmWpKH9S5ddCq0rdDMzs4G3DgAeyI9IUNQZ370=":{"valueMac":{"type":"Buffer","data":"4byIVVE/b7KpCEoDVCLLk4TaAUBUD31+8yVI4L8DtMQ="}},"0krFqJkXqJX1eafUQvjr1z3yw03D8XyTpbWf5GgX5bs=":{"valueMac":{"type":"Buffer","data":"vRTNhJPCsIu579G61wMfiKqljxk2ew+4CqOriwvsuQk="}}}}