{"version":27,"hash":{"type":"Buffer","data":"pZSr1NCghl3REg8GRmwiDD7DbREzGrQLZHdzPNxkvSsX2qa8PMl03f+GxfnjDduh2s7L/ckR34nI6q/YJX/Iad1sHFjNrbdPFbVprzEdfkpTg1pU3WfbMnNiH3TiHrPGCPSWDPHCMx49ihDkbEpmhtvDVSlZ2ZqeRwlbB6gvGUg="},"indexValueMap":{"Pg7Vbwg+VMSM7TOmuLp6q75Iyr6uBotElriDj9RxsJc=":{"valueMac":{"type":"Buffer","data":"ybzZLHvl81xMyF2/p2vsrxbp5AWYyT2R1RZZyzr//Pk="}},"egYRgNW5akM+CEiMJO+fIXz8qr1JWt0ng5rBYEqXbso=":{"valueMac":{"type":"Buffer","data":"BrWEbybrD1XyTSd6RXzWzARo0UluGcueKfK+aDn8kWc="}},"id2B0Te/K/O/TJWX2qgJ5UMQ3IaJVaIV/3h9ohCyPAE=":{"valueMac":{"type":"Buffer","data":"cQau0ZnB5dxnglW49fO5zLMrJbH1gJ53CJlXx8cdyR4="}},"k1HzC410ccF0d8Qna8orf9xTA0+65gI5taWGrZ4kUk0=":{"valueMac":{"type":"Buffer","data":"CiVUaw4spawYZwf/0Kduivosahc5/4aNazHN65bwICo="}},"lRVZWkrRnBnwRbyAnQDkOtOlHfZrYsDoMdhLyf2Pxdk=":{"valueMac":{"type":"Buffer","data":"wgOPXyOSCWSLnVuCVZ06cWlO/bIa1ZBchSt5+J5YcJY="}},"rpnLnpJdQHonhE8SQAiK8R48P6ieIuu6g+0CEqcA7ac=":{"valueMac":{"type":"Buffer","data":"+EQ02SzfL8iYrX6E+CwGFUIfZo40fSqCZ3qZ2MZCJgs="}},"uT8/IA0QBz+zaw1doXWenMFm76FxG5Yfb9bI6l1Uucs=":{"valueMac":{"type":"Buffer","data":"CCBqVbKIxMGGDjiFvLkIQqQlRdgwpbgfcI8NJXjl3P4="}},"xFCNev7YaWKgTdDFLjwbyvu0DZk22G32pTBoDbp1QDY=":{"valueMac":{"type":"Buffer","data":"VpUpJFsgFBNfcXm6rTZ8nl2Suk6o+r0+Ybgz4bT5jrQ="}},"1VQeA9eN7CDCRWqViPnthbzPtOgN4JJFU7zaTl75YD0=":{"valueMac":{"type":"Buffer","data":"+N/h3z1T7ANhm9Wsh2gtYMWmYaHSCg22bR08DBZtVAo="}},"4sc7MyHblZrFEDKCKaXgdIiIZmDf9cfUKrhfv+eQj5k=":{"valueMac":{"type":"Buffer","data":"rFqIkK4vTg4LvTcdrReKYB1ynsOrTYcSGVjaa9vxcpk="}},"/FEfz/1EWBpiICssibUqXfeJ15zaXIBsfV5wH9nrB14=":{"valueMac":{"type":"Buffer","data":"qGXDqmTjl+CqmqX8ES7Fi0ouun6vM00r6urx+u7l5Uw="}},"5NHUCkh7+lKXGFrLS5QkqgRC2OnPqvtslPYS0zQneUo=":{"valueMac":{"type":"Buffer","data":"hDEYwWCTz5RC6g70rJWzidBv2RXLGIfmDL7hpZvxqho="}},"+zb0usPjba4P9Yw0DdlCPHjL0KY4twjGtOwmW3eaiUo=":{"valueMac":{"type":"Buffer","data":"HbnBiz39q3GLv6hy+t+waj5lhM1nCGxN14V/ErLXJdM="}},"3XCj/wgH5NeTY7tYZOJi5l+kZTiEL0hXMBmzM/kXDKI=":{"valueMac":{"type":"Buffer","data":"A0TK/WneZ+jMksMslefdf0kijdAZZU6c2+uw9dQU6iI="}},"BZjoPH34dH/EyOI1nmrtoX6tqJ11OtWpXRvEH1rdH8M=":{"valueMac":{"type":"Buffer","data":"DOsxKIyj4v2XaRPEAVR2AATM5i4yIc3LOBcAUIZ/v6Q="}},"qGVK1mYydzeb8rdm9kbiSkO+Xg6dkwZDWGJBouNUSEY=":{"valueMac":{"type":"Buffer","data":"bcQbwKkrONhU/vIXvO/GO2YpzHYJ435tSftNqH4irs4="}},"9ApgYmYvg/4b75ukaXNZXGEAVMuDH0AqIc3r8m0RT98=":{"valueMac":{"type":"Buffer","data":"0YQAWZDA1WMW7pM9wtbA7Q2zkbaxh+QYse1DQ39eur4="}},"IBX5wqquJ2aUTlV6lyZTc9mfBKIJR4quszKSYPDXrn8=":{"valueMac":{"type":"Buffer","data":"2MLmNF5zIyuDU1nXKEd2d1CVkWCIfs+o5QBIGRoJwPU="}},"0Skgipsh9cXcbpKjaY3ZuQA2o9/7gLUvCvDkfoxegTg=":{"valueMac":{"type":"Buffer","data":"hUgtkwkEojsDhVqbWoK/GuYvA5S9lsaY23JEnsWUntU="}},"4wL9ScXMAHUXPnJpZBvK2SFcJb1URATPox/Y9UQ9HE8=":{"valueMac":{"type":"Buffer","data":"XH4fQMrqlOcbtUE3+/tP59smT3VOKnfF1kJlHeh89UA="}},"IW0r5hpkwtD6tWxUTsMMhYUit9vKCnIRoZ1c202IhW8=":{"valueMac":{"type":"Buffer","data":"zRMnKAM7CL36X6tbdWktnBi3IirBWt9SKZvu1aXcTEg="}}}}