{"noiseKey":{"private":{"type":"Buffer","data":"EKd4d6Zr2Sv6Zju8z8sdtLv7TYodFEGSS4786U/j6X8="},"public":{"type":"Buffer","data":"U/MljiQxUDR5lH8SD8BICWLkRYaYbQDB5liT0YUvsS0="}},"pairingEphemeralKeyPair":{"private":{"type":"Buffer","data":"OMq7v0SisLElg7lKxq1mQNSvpVQurcAQmcrrfBK6IEE="},"public":{"type":"Buffer","data":"b7YhTAS2HywOnafjI4JQ/YTn7uioKpm6RGI3L1USuBA="}},"signedIdentityKey":{"private":{"type":"Buffer","data":"SG5t3w7c70lYVc1PuQUoTai8vMeRDhJ0tymzIapOWU8="},"public":{"type":"Buffer","data":"lt2qio62MxzCEuPoT4Hxoqt6wKRzb+GuxlW0F0xdF2Q="}},"signedPreKey":{"keyPair":{"private":{"type":"Buffer","data":"WBPyIAwS3CuTm9YsmveemS23jT3AAHVniZCXP/emv0U="},"public":{"type":"Buffer","data":"mC2nLWXruLWa9Ff/apSCMa7qAsAQgfQRTntNSM/R5hc="}},"signature":{"type":"Buffer","data":"1GKscCP/MaQ9Ln12O4cLzcO+Dj1EmFya0+vXvjhm4BQgDUfElii11bRgNhdzrj7oiEIdur6Lu6QBPUcNN4uNCw=="},"keyId":1},"registrationId":159,"advSecretKey":"I3jVigIiB37GXS209OwoTuq9qQ77vaOjI9kUVPSRIUI=","processedHistoryMessages":[{"key":{"remoteJid":"6285965956856@s.whatsapp.net","fromMe":true,"id":"048B7D91410FB0044CBDE5559681AE4E"},"messageTimestamp":1702094815},{"key":{"remoteJid":"6285965956856@s.whatsapp.net","fromMe":true,"id":"C7AEEDB5A8AB862FFDCFA85E3A432397"},"messageTimestamp":1702094817},{"key":{"remoteJid":"6285965956856@s.whatsapp.net","fromMe":true,"id":"B5C38C1B56C0303916F4BE5D0EC58A23"},"messageTimestamp":1702095230},{"key":{"remoteJid":"6285965956856@s.whatsapp.net","fromMe":true,"id":"A1CFC0BF3FEC44E983A5D5233D362FDD"},"messageTimestamp":1702095231},{"key":{"remoteJid":"6285965956856@s.whatsapp.net","fromMe":true,"id":"BAA7BDF71F2DCC152313372A5BD0284C"},"messageTimestamp":1702095248},{"key":{"remoteJid":"6285965956856@s.whatsapp.net","fromMe":true,"id":"1B96084CB469CA973BD134573BEE61FA"},"messageTimestamp":1702095248},{"key":{"remoteJid":"6285965956856@s.whatsapp.net","fromMe":true,"id":"1B8C5BA5D6A9E05B2AF8D5A1E34D12C1"},"messageTimestamp":1702095254},{"key":{"remoteJid":"6285965956856@s.whatsapp.net","fromMe":true,"id":"FA2EB0C279BCAA5D7B19BF482563A557"},"messageTimestamp":1702172561}],"nextPreKeyId":45,"firstUnuploadedPreKeyId":45,"accountSyncCounter":1,"accountSettings":{"unarchiveChats":false},"deviceId":"278QIJZuRnmXW2-yCab_qw","phoneId":"9644b41c-1b72-4c8b-b072-3f71f98d81b1","identityId":{"type":"Buffer","data":"gEB78xxAcTj0n2gyoXlc290v5S8="},"registered":true,"backupToken":{"type":"Buffer","data":"jdmvHWOZt0IdhPqlLAwUBzVo6sQ="},"registration":{},"pairingCode":"TSNCRE4K","me":{"id":"6285965956856:18@s.whatsapp.net","name":"felizz","jid":"6285965956856@s.whatsapp.net"},"account":{"details":"COftx9AHENjPz6sGGAQ=","accountSignatureKey":"AzgIUE7yCYsiawIqtNzfH4dK41YXCTJKWbCTmikUHh4=","accountSignature":"WytVNGC8qWPKa96y9bReu/9myBQNAxHUHcMSjP9flclOiT4hpdU76RkLg+jnZ9LoVawIYqqmB1lHequQmyQoBg==","deviceSignature":"LmA4J/1wecsTfz1zymIr3HqhLpqTOivleako4vYvTLeT1ugmcv+AflTDj2C+or7RwQu+PQL/6xVYwaSd1fl/Bg=="},"signalIdentities":[{"identifier":{"name":"6285965956856:18@s.whatsapp.net","deviceId":0},"identifierKey":{"type":"Buffer","data":"BQM4CFBO8gmLImsCKrTc3x+HSuNWFwkySlmwk5opFB4e"}}],"platform":"smba","lastAccountSyncTimestamp":1702962634,"myAppStateKeyId":"AAAAACnB"}