[{"senderKeyId":1155552855,"senderChainKey":{"iteration":12,"seed":"s4icvmCM+ek37oY1keF2jbsM728eEcS8/JTKE3VaIv8="},"senderSigningKey":{"public":"BQtCcu6Dqxyw0lDKuPy/eQkxoiauyWPvWqGYL5M1Jt8Z"},"senderMessageKeys":[]},{"senderKeyId":1714745053,"senderChainKey":{"iteration":2,"seed":"1jgKwbkvPGJ+xz87tIxh+oKBpgY1nDUN0dPYLfkC1Yo="},"senderSigningKey":{"public":"BU6f3v5S0X12kgGWk8HQdLmo7G3kNtGkCkuixUWh/DsK"},"senderMessageKeys":[]},{"senderKeyId":701732544,"senderChainKey":{"iteration":23,"seed":"VZSvMtK1xKdVFxA3dxp1Sk3SIbcWAhkx7jUU7bdoBmE="},"senderSigningKey":{"public":"BZlrpyp2Mmb2v+WBqyY38nQG3iaKichAky7SVp4tgahQ"},"senderMessageKeys":[]},{"senderKeyId":701732544,"senderChainKey":{"iteration":19,"seed":"ltr43y9nRm4uxHAuddMQov0aalGMeJ8gN3bnY3KKRzc="},"senderSigningKey":{"public":"BZlrpyp2Mmb2v+WBqyY38nQG3iaKichAky7SVp4tgahQ"},"senderMessageKeys":[]}]