[{"senderKeyId":1660046367,"senderChainKey":{"iteration":7,"seed":"4EpkfJ2iZgo2WOfhDLDlywmwzYAskh4EWVRdkSiBm9o="},"senderSigningKey":{"public":"BSJ34NQhg0itZof1oXzsT81qLaC5PEeORmpp+zLfhnEk"},"senderMessageKeys":[]},{"senderKeyId":1660046367,"senderChainKey":{"iteration":6,"seed":"J68Y7/oLbWUAhlfrH/HSBAntX+xEIQHfR1R1GvXnq6w="},"senderSigningKey":{"public":"BSJ34NQhg0itZof1oXzsT81qLaC5PEeORmpp+zLfhnEk"},"senderMessageKeys":[]},{"senderKeyId":1878822988,"senderChainKey":{"iteration":7,"seed":"unFj4mLtu0UJVuqXkm3UT/hljWRtLV5gTC/kBewZEoY="},"senderSigningKey":{"public":"Be5GlyCcndKVAeC8IiC2XQCeIl0+W2pQzYl+5vtR7JxI"},"senderMessageKeys":[]}]