[{"senderKeyId":11221506,"senderChainKey":{"iteration":10,"seed":"a6YFEZnAXzS/mmsM2Rkw6xoceSH9EnGt02KV/FK5a/E="},"senderSigningKey":{"public":"BdyPtiHODpWYHEEpBmp8eIsgLOR+IAVbKYpL58ODI3k5"},"senderMessageKeys":[]},{"senderKeyId":1808689259,"senderChainKey":{"iteration":3,"seed":"ERwYY9oNceLVhoGW5RNSIvLyPMQYVy+YxeT5Q0Ewm1w="},"senderSigningKey":{"public":"BVQjTMuP/QHIg9gf8aStbpp5Bnq0QNfkN/2skRKtT8AI"},"senderMessageKeys":[]},{"senderKeyId":777379941,"senderChainKey":{"iteration":8,"seed":"ZBEo720WT9QwKGt525Rag8tOYncdiUprEyjStQGiGvQ="},"senderSigningKey":{"public":"BePYuBu8i0u90Yq4hn+hdvZEHLNdnrRuSngLqa8S56kE"},"senderMessageKeys":[{},{}]},{"senderKeyId":471180916,"senderChainKey":{"iteration":2,"seed":"1A1qM2xbKVqqPdopLqb/ANgb7uQVytImdZujeoUUP6s="},"senderSigningKey":{"public":"Bej7xBrlKCYS/GQH6UduEsCObjr/mOTTwCoC0fxvxzlT"},"senderMessageKeys":[]},{"senderKeyId":1617980782,"senderChainKey":{"iteration":3,"seed":"cC0zgVJeMFkvVaReBTmK7CRoViwyd3oFc+IWPCS042k="},"senderSigningKey":{"public":"BZtyk+Kzs8o0+0SD/Dwic9G0pqUrz0mKMAVIiGhTkURD"},"senderMessageKeys":[]}]