[{"senderKeyId":1651107709,"senderChainKey":{"iteration":3,"seed":"00hxdEyFFTKQ71KkHPHRIyFjJTIDOPyykW3n2FQB5kI="},"senderSigningKey":{"public":"BRGdn+8Tz/HpYe9XyfNgFwWScUvY1Un37FsKTrOl3qAS"},"senderMessageKeys":[]},{"senderKeyId":681110174,"senderChainKey":{"iteration":51,"seed":"nK4C/dEGsCxZn+odAbrwr7rcRR3S5MK5E3t6Uum2R4s="},"senderSigningKey":{"public":"BZrC3aDDZZ68s5to7O4I0SY80o4+mgonFH/QPxO3W2wk"},"senderMessageKeys":[{},{},{},{}]},{"senderKeyId":681110174,"senderChainKey":{"iteration":2,"seed":"5yCyikaWbuhwTryhu+50zDT3G7GdOZx097lyJfbbmYc="},"senderSigningKey":{"public":"BZrC3aDDZZ68s5to7O4I0SY80o4+mgonFH/QPxO3W2wk"},"senderMessageKeys":[]},{"senderKeyId":109284869,"senderChainKey":{"iteration":1,"seed":"dX93N+TqDILG3unnfuYDX16oSePzqoxvgHm6myWqDCM="},"senderSigningKey":{"public":"BYYKA1VybeMP50CoWUOVElx2DBaK+dEf9nUIPt6ARrZf"},"senderMessageKeys":[]},{"senderKeyId":1949239173,"senderChainKey":{"iteration":22,"seed":"Iwx6nBwXSg78nY1GgbYTK05eItWiKkPln85Ibc/Df1g="},"senderSigningKey":{"public":"BU561DSP02ahY1Y+nBSYC+nBOxcFDCnEoliIbLyRHVh6"},"senderMessageKeys":[{},{},{}]}]