[{"senderKeyId":678985035,"senderChainKey":{"iteration":2,"seed":"BPlS2bQL8rPKJhfZSf33UTV+DTM/zjy/lceDOdKEzPw="},"senderSigningKey":{"public":"Bdedr48/GXMT298G9HN9q3BZiAtEVmAsUkreTCeUiAB1"},"senderMessageKeys":[]},{"senderKeyId":2145193418,"senderChainKey":{"iteration":1,"seed":"0/6Cpm+GvxrRcnDrjmkINnCzTYt9g3xDjtIlZBb0hXc="},"senderSigningKey":{"public":"BdwhQT0/LrZl5nuK8iuGeo+m9XneOipHwm+J6CKZhfFe"},"senderMessageKeys":[]},{"senderKeyId":2048093947,"senderChainKey":{"iteration":6,"seed":"VNJYZsWaesEi1CRUj1RbPCCHD3TVNZObZop/APnZmf4="},"senderSigningKey":{"public":"BaldCHssM/0ZXyLxi1tuz8Gjy6WpJG365U+jBw8H914V"},"senderMessageKeys":[]},{"senderKeyId":1527849751,"senderChainKey":{"iteration":1,"seed":"S/jJN90IsM/5vgPi9/24UlkVBkWHI63kS+DBfxB8Ddk="},"senderSigningKey":{"public":"Be3OwxxdG0u1ZUN14Vc/wz5NEUkgdMqERhSfOZ39JwMv"},"senderMessageKeys":[]},{"senderKeyId":305444198,"senderChainKey":{"iteration":1,"seed":"f4rLs0pZmEeqT9RWwuYiRyJ3dT+sSLmN9x8JqiCsSZ0="},"senderSigningKey":{"public":"Baff2GRF2aLnb2RNrbqPDzgIqVMa6KqEWz9uiap3FZMV"}}]