[{"senderKeyId":1946145365,"senderChainKey":{"iteration":30,"seed":"eHhXQwoqrY/n93r4drRAsLBdSbxA/Rg6YI+KzAhsOoE="},"senderSigningKey":{"public":"BQPercK6y0Kx2Mj+FA2j8zROsuSakZKiqZCfzAA9Litd"},"senderMessageKeys":[]},{"senderKeyId":372453706,"senderChainKey":{"iteration":13,"seed":"IE6RO0WX3TO+cV1PpLnlexWDmp4AFYbDZZeKY0K1lm0="},"senderSigningKey":{"public":"BU6fF9R4n7Md/Q7VjbX4BbLRxRDvF5S/Y5wdl3D4BBhQ"},"senderMessageKeys":[]},{"senderKeyId":1769990921,"senderChainKey":{"iteration":16,"seed":"/LjES8/xF64c/DkYSYm8kfCyjGgiSVM9l0INlo2b5TE="},"senderSigningKey":{"public":"BUvPJIjnd2V8zARcKjitjYAdjvMzrwRlksQhuCrDZcx2"},"senderMessageKeys":[{}]},{"senderKeyId":1769990921,"senderChainKey":{"iteration":4,"seed":"vckJBhW+4K7HyWj1zA9sGH+3/l9RDyhiRN328IYOFU4="},"senderSigningKey":{"public":"BUvPJIjnd2V8zARcKjitjYAdjvMzrwRlksQhuCrDZcx2"},"senderMessageKeys":[]},{"senderKeyId":659290919,"senderChainKey":{"iteration":4,"seed":"KChofX4XC8ERJ70AQZSXHv9P2yZ9wcQ40trBUiSG2ms="},"senderSigningKey":{"public":"BX6dpcYaj36eDkH71Xy3D3L75HNkA4j0TzJjKd6N8EwS"},"senderMessageKeys":[]}]