[{"senderKeyId":1912170914,"senderChainKey":{"iteration":1,"seed":"2aLroQCbWoJ4LSAbS0UX8DnZo6arTOhLLgMLvVOD0Ls="},"senderSigningKey":{"public":"BXAw+HkxmMtyY6PBuHBVrhraLML9SjbnIOCQmwa7tptM"},"senderMessageKeys":[]},{"senderKeyId":1117186427,"senderChainKey":{"iteration":1,"seed":"Kk22yphlN5w0PgSXfoA5YPGSQ+paLJz7L41nvxY2G0w="},"senderSigningKey":{"public":"Bap+fsfL/+167rPs0Jk7/r6Bke/FhjMK+R99ZTMkQi4M"},"senderMessageKeys":[]},{"senderKeyId":1338838316,"senderChainKey":{"iteration":1,"seed":"pFe1ZbmSkBHYRWrxgWMYxsnmPSolkCELpyLPTXA9rUE="},"senderSigningKey":{"public":"BVr6LMEMFJHN7v+2Ya+BsuIOy8+EkY/yTTg2Yp9aDldi"},"senderMessageKeys":[]},{"senderKeyId":702516813,"senderChainKey":{"iteration":1,"seed":"CHsZmcnCCrIb2BmYyQef46V80spHaM54z54l3oertgk="},"senderSigningKey":{"public":"BT7E8+KQWJHEEc1hIZO107iz4YhNa1ALcg3bfnLv+bEC"}}]