[{"senderKeyId":80951697,"senderChainKey":{"iteration":109,"seed":"NlEwKzDWHTMO9TXvzeH8WJIqfaBv1K9TxvnUYaXPs40="},"senderSigningKey":{"public":"BezUK6vfIBzmyMfnuiJapfXbxJKmMd3upQRTaseaEF99"},"senderMessageKeys":[{"iteration":1,"seed":"eC9JTvc+q6uIKHRJyOUIxgyvpYIzrUALFt8qx0eQhu0="},{"iteration":3,"seed":"9drGZkTDBaIjmqYPkzfIEcnNaARDNy2ugHCcC2Nso3M="},{"iteration":5,"seed":"sCGVRzKEydDIPjDSm5UnPxcVJuWUoFIBtFV0AQstBeQ="},{"iteration":7,"seed":"wONwnBH3b9+iRhtyzK/Ra/tsWaAt1GNb7YTCcE7SCgY="},{"iteration":9,"seed":"lXfWZmkCoeZr1Y4MonxHL1CtnNxH58zT74QdCv2/+HI="},{"iteration":11,"seed":"gSDevW59GaBt5lCnrs1Pfin01znjlm/X1Ue+IziNaTU="},{"iteration":13,"seed":"nfzmc4ZpkS+PL+Cq1njhnGub0tx6lyrPKPeIeesttpM="},{"iteration":15,"seed":"ThPoOal/3qwO/ci9BJS198fI/KdjXqhGxFSiYFzAtC8="},{"iteration":17,"seed":"bVmhJkMTypyK/AfVQcwEhRJ1KXF4iGkaIl8oy/8JCJE="},{"iteration":19,"seed":"xvABnHWH7bFUxt+Db9hSF+xIJzUMj2W4GuyHAKFWutU="},{"iteration":21,"seed":"rFEAsPAl6sUXyo2i1GD/mcAxdWbU1NHM9ltG4mAfVo8="},{"iteration":23,"seed":"YJFUgAtb4mDJV09x752GXTJFL9W1o+IEWCmhtIMFJIg="},{"iteration":25,"seed":"6EGxLGzDihfsZrGauG960psFXsokKy8oi8iR1gRgZcc="},{"iteration":27,"seed":"en1B5MFKB3gWd18LtBweIgNtbwdHQZeBl7gc4fTG13U="},{"iteration":29,"seed":"M4+tcLxuVDf7dW4J2Zxdaa1seJ6QZ7XrEkdnnOtI+fk="},{"iteration":31,"seed":"hxbmipkuiGc6ALD21mlmQcWwRVDYLFiZs7jJclkMQOo="},{"iteration":33,"seed":"EmIroRnfz0SY4ZnyccKpuDLCN//x8TM4ENFmqHlsEZ8="},{"iteration":35,"seed":"z2WMo8GPV3fVOfyS55lxYqiB17O5+LojJsiuAcnFl/U="},{"iteration":37,"seed":"dNBp9PuRn0Q7uRI7TuFKBl9dU9t1VGwNYzdJ4CMuc8M="},{"iteration":39,"seed":"DIz3uMnP3P/94GSGDERaAUBi9GHHd8pwjnnW14rphEw="},{"iteration":41,"seed":"P+TIIqobV+C2hy1xsryslp6QjpPj3YA3nthju6IQ7QA="},{"iteration":43,"seed":"saQZQYPHwzbTcEWG/1a8pp/0p4qGsMvFM8Fza17afZ4="},{"iteration":45,"seed":"LLkOran3CQCUZXXlXyzgwMzGGsplPCImfHmlyLYqvOw="},{"iteration":47,"seed":"2IzXJw4A4qXtoCLJ3JF+AkcpkkUT4b49ebAl2NcBsuA="},{"iteration":49,"seed":"MLsl0KYNO+cDZb2bYS0SaPYYuAMKbrJoSXD28p1Enzs="},{"iteration":51,"seed":"kVN8TaUwhPh9oyUY64uF8u/o4CTP53pMvLYK5QzpsiM="},{"iteration":53,"seed":"zuW0f7UYLRTt/iTCOaO/cAgBxef41bEe8TKTivGsNCA="},{"iteration":55,"seed":"BrZVp+Kjw4sPDACGCwG7ipCPElqu8dj2EW9PyVvzCic="},{"iteration":57,"seed":"igJarvu+luyyGWZuLWB4sunAXFlYP6pmT8mAC0Ka4gs="},{"iteration":59,"seed":"xbLjiLaV/2JqoHMmFV8+fEuC7DuVrqBS1E6Fv2XbrKE="},{"iteration":61,"seed":"l7cBrCJo1UOWhblRqexOSMLzIFXxrTo10Io8X8ezGQc="},{"iteration":63,"seed":"HQJKoVECZsUNj6Ti6vjkz+HoFQAvAv2mqp69oL9KUi4="},{"iteration":65,"seed":"rxKeZmhL6OCqTrjIM1uB7bDSgdr7TpOaXi5w9KRt8Do="},{"iteration":67,"seed":"G+kqS3760aLbhSOIDANJMgWMSeNdeOJnmdTAMpRlRfY="},{"iteration":69,"seed":"taA/bRQtvarMJ5csxdcf5mh+o2EeeJ490YPxZbv7AJg="},{"iteration":71,"seed":"MjW7aSRHLWX8l5fcMHJUpdjQHoaFww7YI1p1MMB1zls="},{"iteration":73,"seed":"PXxe/aKxHBVkaxXs7dSPS6JWyesAAtg2i7ancNQzNkQ="},{"iteration":75,"seed":"bgVyH+iReoCoEXBh74rVqnIzO54uWJm6adLMOyBKRvE="},{"iteration":77,"seed":"VaSFvrI4GNIk+YJlCLKf3WpWtWu37vfTMNjIOeYPyok="},{"iteration":79,"seed":"y6RHR0qLMrLcFFQiW8+TmeEg/Hl53rrUKiFNH8/v81g="},{"iteration":81,"seed":"9YfYorWZHv3RWpr1yik9Qh5WuyMQhsmkH3iaJiaKb5s="},{"iteration":83,"seed":"IhbFrmA3s1AIJIrTY1Y/JMzq5ioLyapg8nLBNVMZRyk="},{"iteration":85,"seed":"Iuto+RkeE5NgLYaVzG9e6oCbuKuJ5CdNDknV3ok9b4M="},{"iteration":87,"seed":"uKtR42s8WQ9ge9xxGr22gpcJA+1fWjDPs1MT/C3VPRo="},{"iteration":89,"seed":"aWKEvuXW0GBFcxfXsHL8HNe3rTyTho16JQN43tpVa2E="},{"iteration":91,"seed":"UivS4NckXVRjg+HWFi5XTuvaUQgObiOShVENfZaPZ1c="},{"iteration":93,"seed":"layeNfo1Ees9N9Spu3khJbSO2K4f9hMMWkGWtP+2S5k="},{"iteration":95,"seed":"/3qM6TxqQvMqBi77KRWWX9LTRnFu6BH1gAx+WsVoARw="},{"iteration":97,"seed":"S+0M7ie3GBWmMelOe+j1v+xNfHeLdubO5FqbR//C9YA="},{"iteration":99,"seed":"/lYC4n9WNW44My7+MITfyHTcEHCL9ZMY+aH1c8yHGKo="},{"iteration":101,"seed":"0x7wzOn2DrAhb9w2eZ4/hqDq42bcnXgjdriWUbrEt7c="},{"iteration":103,"seed":"p15aqiuUJTvheOmVvtqLEqYBWT3yy1SwCt0s8ytG0OQ="},{"iteration":105,"seed":"4M4HGAu8KuYznZjuX9Z9H8OOZSZTnxU1Hs3+zxYliQA="},{"iteration":107,"seed":"AGgXnbKH0vcCNZGiHB14q933GqggTkSw49DHFImcG70="}]},{"senderKeyId":80951697,"senderChainKey":{"iteration":1,"seed":"CUZkiIiVzqOZ6NRPmaK2KAeJ+gemFU+Yhq2cnVaoHAc="},"senderSigningKey":{"public":"BezUK6vfIBzmyMfnuiJapfXbxJKmMd3upQRTaseaEF99"}},{"senderKeyId":80951697,"senderChainKey":{"iteration":3,"seed":"ku9OEn+bH33AWTBmeQkW9wumNNLuH/uTQLu8FFmgqWw="},"senderSigningKey":{"public":"BezUK6vfIBzmyMfnuiJapfXbxJKmMd3upQRTaseaEF99"}},{"senderKeyId":80951697,"senderChainKey":{"iteration":5,"seed":"Pc6cbFOuu1gJjpK0BzGh+tunwHF6cREDqWlxUpjMbSs="},"senderSigningKey":{"public":"BezUK6vfIBzmyMfnuiJapfXbxJKmMd3upQRTaseaEF99"}}]