[{"senderKeyId":1573520802,"senderChainKey":{"iteration":82,"seed":"8tjc0R4HUZiMprxafML5tyuoikw/JuTgwuuDOfJIIIo="},"senderSigningKey":{"public":"BVQRK1FS9RGrYOP8igSxMmKuVFcsbl5XWJjAvbv/bZEo"},"senderMessageKeys":[]},{"senderKeyId":1573520802,"senderChainKey":{"iteration":40,"seed":"qzIdWtMTHXZGpnhjpPEoLNZssDwRY4jm6DviJE/WIns="},"senderSigningKey":{"public":"BVQRK1FS9RGrYOP8igSxMmKuVFcsbl5XWJjAvbv/bZEo"},"senderMessageKeys":[]},{"senderKeyId":9150412,"senderChainKey":{"iteration":74,"seed":"eCqP7UXPbzEhzj9VJECKNdzUv2wZsWA4AzG1JC/RjLI="},"senderSigningKey":{"public":"BaHaW3zZf6w1O46ouKyvzHs/foSeiDY1mINtjhwv5AoG"},"senderMessageKeys":[]},{"senderKeyId":14427711,"senderChainKey":{"iteration":7,"seed":"Y0lGVpsOgPnaapcrfKPCFtzg88F4e8MY8LUiJ7mlLwU="},"senderSigningKey":{"public":"BVsqvHrCuXnLfuf5e7y65abcl9JfaE32un1K8Eejue1t"},"senderMessageKeys":[]},{"senderKeyId":789878162,"senderChainKey":{"iteration":4,"seed":"lo7cEI02wu/gbHkM1gC7DjXYEJDSfO32oNnorM3zJ3c="},"senderSigningKey":{"public":"BSfSfLThHXC7X1b3kFJPEi6LMneOJ03AgXzxQcWrLBE/"}}]