[{"senderKeyId":1375321817,"senderChainKey":{"iteration":3,"seed":"BLMsUE5PxErJjcsZzDPFpEQDEiMwYZoFT/cD16BcmIQ="},"senderSigningKey":{"public":"BcImSn5ky4kCYom0rKmM6KWHaZ/eG3INDwaLHh57rhkO"},"senderMessageKeys":[]},{"senderKeyId":902832720,"senderChainKey":{"iteration":2,"seed":"qSxH7nYLCdvP0KCwXrAxEmsSyjnu2bNO961TA01vNHA="},"senderSigningKey":{"public":"BbP3y+7JHydrNRa4As7DNHVDNziIZrBmygTBJ9rlEu1b"},"senderMessageKeys":[]},{"senderKeyId":634624009,"senderChainKey":{"iteration":14,"seed":"XTuAt3wwovC86L2nENnDqnp6+QeAxghUZ0ikdvYa5rY="},"senderSigningKey":{"public":"BbrKEE/sxyhFi044Vra/Z9IxvJ0xnhWpW0PT88d40UBt"},"senderMessageKeys":[{},{},{}]},{"senderKeyId":1056913760,"senderChainKey":{"iteration":3,"seed":"aV9XZmJWRmbSCMar3Lfu3yfAPfCtRXLo1U5MTkj6I68="},"senderSigningKey":{"public":"BZRa/EKhlYS6zu+tKwzoPiByREwvcZobYEwDCJBbwK4B"},"senderMessageKeys":[]}]