[{"senderKeyId":1087199805,"senderChainKey":{"iteration":8,"seed":"Ac7zXUUb8DwwZBw4d9c+j9eUN630lF8PqDqE2J1OwhY="},"senderSigningKey":{"public":"BRFV6887eCqTcvJHovBJODB+Ox1bwGPH9wbRF3DLt9AC"},"senderMessageKeys":[]},{"senderKeyId":1645858633,"senderChainKey":{"iteration":33,"seed":"EsxRkEMUfBfzuBZhxmmQYXhM2NrdnaTzQPAuabBYQ/c="},"senderSigningKey":{"public":"BRfgwJVYPYytLRb2WYzNnGvB3rKl6j58f2oIJ5D6Q4RE"},"senderMessageKeys":[]},{"senderKeyId":1035490032,"senderChainKey":{"iteration":2,"seed":"vEY7n+cDccFyBzwVI/3GjYn4h6P9wl0IWBzNYtfs8OE="},"senderSigningKey":{"public":"BeI3jgmfix1jMQuTKi+HBrQ3trk12tFAKQvU+GDLYQkE"},"senderMessageKeys":[]},{"senderKeyId":32015514,"senderChainKey":{"iteration":1,"seed":"pagFnkp3Z+YwMJUsYn4SqXZjawMdlIRH0resnJIs6RU="},"senderSigningKey":{"public":"Be7sMUww5/XMZsK5vxuLDqoE8g3N+EnFkm2ornGvUx5o"},"senderMessageKeys":[]},{"senderKeyId":1037822501,"senderChainKey":{"iteration":1,"seed":"/vdSz/ajqhBeZGppYhKarISHhlQOBkqmY36o+UjCaDo="},"senderSigningKey":{"public":"BfjYzLXxI/eKVDlYKgnG5eyxN4I55CO5l96YGHqBUp9J"}}]