[{"senderKeyId":1284865249,"senderChainKey":{"iteration":1,"seed":"zI8PRI6m/vMKyaZUjpqaaafvYNaYtHliqAbZ8kuFpXg="},"senderSigningKey":{"public":"BWLcYaPUDLX1LDWD+d6aIJPniDaNnPH8fA1YJ5WfE0hU"},"senderMessageKeys":[]},{"senderKeyId":1633212044,"senderChainKey":{"iteration":6,"seed":"pj7v8OnkW3uZcCrpteTP7VkLUXhe9IwfX0WbG7eyA78="},"senderSigningKey":{"public":"BWt+fvvuuxi8dH/tGDNIyyOxFA7BgcYBWQkS2vbW0sJY"},"senderMessageKeys":[]},{"senderKeyId":1633212044,"senderChainKey":{"iteration":5,"seed":"TDUaYcF/bbFDrHPI31sc8vS+YaU18X2xKNUMxDt78So="},"senderSigningKey":{"public":"BWt+fvvuuxi8dH/tGDNIyyOxFA7BgcYBWQkS2vbW0sJY"},"senderMessageKeys":[]},{"senderKeyId":1882455893,"senderChainKey":{"iteration":1,"seed":"u8quPT6ZP8/I2Kaq4x6BcJoiZw6+XFZ3feXwKtniugg="},"senderSigningKey":{"public":"BYCOd6XzjLDn4Qw4pBBbGCSR/eGUkftCdxvU7LlNP8F1"},"senderMessageKeys":[]},{"senderKeyId":941940807,"senderChainKey":{"iteration":2,"seed":"j7ifmwJNzrNZMfaqXtVj4ycFhngWCGp4TiewqQ7orS0="},"senderSigningKey":{"public":"BcXaqkcYlzPidmUSPXw7MLvhlSvhkOAK5Dkhk0vUTc5p"}}]