[{"senderKeyId":1743966330,"senderChainKey":{"iteration":23,"seed":"9rAChGsGISe4YmnTFHMD/Ad5r7NFVUAVEwGEY7dBkVg="},"senderSigningKey":{"public":"BRSPmEnBTD+z/cGzrzcJWUrdxI4IAVNrb9kYflLoGaga"},"senderMessageKeys":[]},{"senderKeyId":1454666886,"senderChainKey":{"iteration":67,"seed":"S607EaZO2XjtQ75cw1P47w0+MR+7HDG0nUq0k83R84A="},"senderSigningKey":{"public":"BU0ne3mso20BGyz2OFGwlCfHA8m0KR7V4uO1/lvjVE9l"},"senderMessageKeys":[]},{"senderKeyId":1454666886,"senderChainKey":{"iteration":51,"seed":"klKb7ujrsHkazTeiYFIohjhQKbj/5A/RahpZweLxAHk="},"senderSigningKey":{"public":"BU0ne3mso20BGyz2OFGwlCfHA8m0KR7V4uO1/lvjVE9l"},"senderMessageKeys":[]}]