[{"senderKeyId":917290797,"senderChainKey":{"iteration":7,"seed":"CmcSAJjp1uP2uhWx+cnOgI06Ch7T2EfGDRZF6ctrztA="},"senderSigningKey":{"public":"Bf60gwXoOWe6RYcfXVHY80QaTwoakRYGN3QYgXxPcx4d"},"senderMessageKeys":[]},{"senderKeyId":95564081,"senderChainKey":{"iteration":5,"seed":"ZGa/nZys5c2nU/cQby6ytHqRiaUtjPg5g8MNZpsQI1Q="},"senderSigningKey":{"public":"Bdw+rkZXMuXbOdeb5ZpN7OsoEY94T3Wl3FIly2RB+F4U"},"senderMessageKeys":[]},{"senderKeyId":769223931,"senderChainKey":{"iteration":1,"seed":"L1kvwqVueGtZDqqDEV8vRmd7T89oh+LaC63DcgR1VxI="},"senderSigningKey":{"public":"Bbr5VN6lRnK5nZCiuMFvmuZyEdG2N/5e9lQTAzF18a5R"},"senderMessageKeys":[]},{"senderKeyId":727876443,"senderChainKey":{"iteration":4,"seed":"8u+qKaOSFwgGHB1r27aLyXvQAAKpi9qP3tS0AvjqrOU="},"senderSigningKey":{"public":"BRu2TklVgm3MHYwrMCGMMyNALvxMtXqYrP8IxTFPUTZ5"},"senderMessageKeys":[]},{"senderKeyId":1258802640,"senderChainKey":{"iteration":9,"seed":"VyIqpvD7+d5x+C4uoTiVpw45DGhiuR+ZLDxkC8Y0g6Y="},"senderSigningKey":{"public":"BTcSGB0LvViCfcxk+apepleOhsodzpxh387/SaVS+bJM"},"senderMessageKeys":[]}]