[{"senderKeyId":18152557,"senderChainKey":{"iteration":2,"seed":"QOVGe5w9EWQGj6l9ZFFdhAsPN3XEBPaThZmnQ6H6ucI="},"senderSigningKey":{"public":"BVljKSUek59rqk0Fwbevc1uNNm6MxMWtr9qKWdb7JTAv"},"senderMessageKeys":[]},{"senderKeyId":502270828,"senderChainKey":{"iteration":13,"seed":"sfejgS4slNwaLwC9LldqOzCl56NLye0078F0PTp1lLo="},"senderSigningKey":{"public":"BQASN3tvPJ/eRzqj3HbDJXacEg6S4+12k+mJ99hksj9G"},"senderMessageKeys":[]},{"senderKeyId":502270828,"senderChainKey":{"iteration":7,"seed":"KghWEk5SPBTLPeG3O7q/j0PfA7j+AbGdvv48mNLKtCc="},"senderSigningKey":{"public":"BQASN3tvPJ/eRzqj3HbDJXacEg6S4+12k+mJ99hksj9G"},"senderMessageKeys":[]}]