[{"senderKeyId":344906652,"senderChainKey":{"iteration":11,"seed":"qrsMBznIPeFzZ6X/TMMB/AABmnovoi/XNVPCkMCBy44="},"senderSigningKey":{"public":"BVn7uWzEH9oNDHqcH+/1DSim7VBAMl9+ZHjHFMiwEWhk"}},{"senderKeyId":344906652,"senderChainKey":{"iteration":11,"seed":"qrsMBznIPeFzZ6X/TMMB/AABmnovoi/XNVPCkMCBy44="},"senderSigningKey":{"public":"BVn7uWzEH9oNDHqcH+/1DSim7VBAMl9+ZHjHFMiwEWhk"}},{"senderKeyId":344906652,"senderChainKey":{"iteration":11,"seed":"qrsMBznIPeFzZ6X/TMMB/AABmnovoi/XNVPCkMCBy44="},"senderSigningKey":{"public":"BVn7uWzEH9oNDHqcH+/1DSim7VBAMl9+ZHjHFMiwEWhk"}},{"senderKeyId":344906652,"senderChainKey":{"iteration":11,"seed":"qrsMBznIPeFzZ6X/TMMB/AABmnovoi/XNVPCkMCBy44="},"senderSigningKey":{"public":"BVn7uWzEH9oNDHqcH+/1DSim7VBAMl9+ZHjHFMiwEWhk"}},{"senderKeyId":344906652,"senderChainKey":{"iteration":11,"seed":"qrsMBznIPeFzZ6X/TMMB/AABmnovoi/XNVPCkMCBy44="},"senderSigningKey":{"public":"BVn7uWzEH9oNDHqcH+/1DSim7VBAMl9+ZHjHFMiwEWhk"}}]