[{"senderKeyId":1637571705,"senderChainKey":{"iteration":47,"seed":"TD6+lk+KlwLlliEEfqS2fzeMJtbVb5ypC/grbscb2nY="},"senderSigningKey":{"public":"Bb4kowJ82TfI7EN/bnIEf1SeEJmxmDlxHNqjpWVtAtVE"},"senderMessageKeys":[{},{},{},{},{},{},{},{},{},{}]},{"senderKeyId":1499822164,"senderChainKey":{"iteration":4,"seed":"xCV2zSnkx1U6kFKlK3gNTUC3m2I9mod0Kt6SGQCxmto="},"senderSigningKey":{"public":"BVZ2nSNTyKPJoKZZ2C9aIIVZmBp2pV2T2bFWNljj37Mt"},"senderMessageKeys":[]},{"senderKeyId":428810049,"senderChainKey":{"iteration":13,"seed":"RrCIqA5smRX/lI1SgAk0YxH9oTkst/SooOR3aQBg6q4="},"senderSigningKey":{"public":"BfLDokIzT1w+DUWA5ohnlFeihFBo1WESXe0E6+yvh8IB"},"senderMessageKeys":[]},{"senderKeyId":830796394,"senderChainKey":{"iteration":10,"seed":"lXJUniNZww750ZWGWMGxMyPNKvirryY6kKWW1wZ7mis="},"senderSigningKey":{"public":"BWzWVrHSGyKkqh4LCHKSSpa2JxNMEKsGaYd7vUZkHn50"},"senderMessageKeys":[]},{"senderKeyId":830796394,"senderChainKey":{"iteration":3,"seed":"zf8nGuzAO3su5Py2xx0KVdbGnVuF5R11dfoTdIVQxYw="},"senderSigningKey":{"public":"BWzWVrHSGyKkqh4LCHKSSpa2JxNMEKsGaYd7vUZkHn50"},"senderMessageKeys":[]}]