[{"senderKeyId":523940827,"senderChainKey":{"iteration":10,"seed":"W+VQndRBpK2p4t4IWBNenqsqsczGC3pu7g9mZtwviIQ="},"senderSigningKey":{"public":"BU9PJQLDKpPHj5MRHwpd4SXIkkTd7RuhgssU0QmjDDUv"},"senderMessageKeys":[]},{"senderKeyId":523940827,"senderChainKey":{"iteration":8,"seed":"juPIBb/buTivrZJXCWY9goXlxg5fkDC3GDDDLeYrZGk="},"senderSigningKey":{"public":"BU9PJQLDKpPHj5MRHwpd4SXIkkTd7RuhgssU0QmjDDUv"},"senderMessageKeys":[]},{"senderKeyId":738310232,"senderChainKey":{"iteration":3,"seed":"uNkH66ZP+1pln+Z0IwnQ3yy78J/ecuevAplEwBNXYJk="},"senderSigningKey":{"public":"Bfgu13Bt+0FEy4EYZ5hmnPTpxVzrybVcvG/7WUpft+Ab"},"senderMessageKeys":[]},{"senderKeyId":738310232,"senderChainKey":{"iteration":1,"seed":"IcNAFXAdxNDTCaw26Nwhz0Xrhd/hVfACfeiVIMZI3y8="},"senderSigningKey":{"public":"Bfgu13Bt+0FEy4EYZ5hmnPTpxVzrybVcvG/7WUpft+Ab"},"senderMessageKeys":[]},{"senderKeyId":1908253594,"senderChainKey":{"iteration":7,"seed":"ohPcIa5LYyxDy5FqNsHzeAT0z/9igM6XGFiYRXfAWTs="},"senderSigningKey":{"public":"BateShbUKUaCnISsaU9hK8meIhS+LRcRtySQwRRrA/Mj"}}]