[{"senderKeyId":187983386,"senderChainKey":{"iteration":12,"seed":"3T7hzIyj0qkQIGSvYtQ1+egWoVMPGuFLKHd7ZwJu20o="},"senderSigningKey":{"public":"BfMNk+27dTO4WJb7/Xb1OKvRzPZTD3XYtMt4NesVX5oS"},"senderMessageKeys":[]},{"senderKeyId":187983386,"senderChainKey":{"iteration":3,"seed":"73BL0j6IQ6CV1bJe82Jidk1M0S9fv0kpsJlCSprxbk0="},"senderSigningKey":{"public":"BfMNk+27dTO4WJb7/Xb1OKvRzPZTD3XYtMt4NesVX5oS"},"senderMessageKeys":[]},{"senderKeyId":187983386,"senderChainKey":{"iteration":10,"seed":"D4TuT5TdGgMr5ShgE9o3f7c94iEyaFvAINy0dph7kRs="},"senderSigningKey":{"public":"BfMNk+27dTO4WJb7/Xb1OKvRzPZTD3XYtMt4NesVX5oS"},"senderMessageKeys":[]}]