{"_sessions":{"BVTXBJ4kGh1QG80Dm+rYBNzGfR2Q6b8/eghkXcbSlDEz":{"registrationId":619227370,"currentRatchet":{"ephemeralKeyPair":{"pubKey":"BS1PlnvY3ASd8huF7b+ZNAfZ41uJRzZTR+6FJeI13fE5","privKey":"MPA08I2psemnQ4X+Hg3vneFR9X3EBWGdPxhX3BcZCHI="},"lastRemoteEphemeralKey":"BdluBwxlBT8fumXCy8c3cREiwr+i+Ukf4jECW6mtl78y","previousCounter":0,"rootKey":"x2RucnHVZkuWVbi1ahsPdQCO2iAbx70zwJpt4wPhaY0="},"indexInfo":{"baseKey":"BVTXBJ4kGh1QG80Dm+rYBNzGfR2Q6b8/eghkXcbSlDEz","baseKeyType":1,"closed":-1,"used":1702095193527,"created":1702095193527,"remoteIdentityKey":"Bc0r8Ud5XN1ZNtOh2Lfehp6YxfC+FKAJBPsL13Vo24YL"},"_chains":{"BS1PlnvY3ASd8huF7b+ZNAfZ41uJRzZTR+6FJeI13fE5":{"chainKey":{"counter":9,"key":"gPqfmjY/U68lCaP8mPpI6kzO6hA7Wmeqr683jB3ulNI="},"chainType":1,"messageKeys":{}}},"pendingPreKey":{"signedKeyId":1,"baseKey":"BVTXBJ4kGh1QG80Dm+rYBNzGfR2Q6b8/eghkXcbSlDEz"}}},"version":"v1"}