{"_sessions":{"Bb6KmEePve7H1Ni+zIZUjXf2wjBqi4dt1PR+PT6lOKIr":{"registrationId":587673562,"currentRatchet":{"ephemeralKeyPair":{"pubKey":"BWd7UhEb29+hun2EhCJsqkoliifqxNH9sFxS3aqaJ/YO","privKey":"gKIZr+KXJhu5USXNY8IUhJij79Qa+WLKghslbuwFL0Y="},"lastRemoteEphemeralKey":"BaXNYbWq5uHc70PRVOK+M7ARTjnq0MQwRf1RxWcNAA8Q","previousCounter":3,"rootKey":"b7XD6ERvrgH87TRowdnMmU6QpI0oPBlM3qF7b7Vs0K4="},"indexInfo":{"baseKey":"Bb6KmEePve7H1Ni+zIZUjXf2wjBqi4dt1PR+PT6lOKIr","baseKeyType":1,"closed":-1,"used":1702788685020,"created":1702095193427,"remoteIdentityKey":"BdI5A0Yavi6uCuC73AxXIAHcmGTz3w4zLuvIunMlgW9e"},"_chains":{"BfXlewlUWETvYpvya1ZqmTHtzQarFCiV57IYo2IFaFtK":{"chainKey":{"counter":0},"chainType":2,"messageKeys":{}},"BXiM9pw0MQXRpVE+wC45oiExxp5AvS9YMlhyRZwsk/k3":{"chainKey":{"counter":0},"chainType":2,"messageKeys":{}},"BUONUDpTD6v8uu5aK2n+B9Gy8f8MLc9YGebaSGk9pK1t":{"chainKey":{"counter":0},"chainType":2,"messageKeys":{}},"BdDlmzzwzCPrhIQcn2eYydytfUH03TRH1Tx1otL5tpZ0":{"chainKey":{"counter":3},"chainType":2,"messageKeys":{}},"BSrYzwVlayv134y4HfKJqMHdvfu/QNSkiCUNn0ucc8Up":{"chainKey":{"counter":0},"chainType":2,"messageKeys":{}},"BaXNYbWq5uHc70PRVOK+M7ARTjnq0MQwRf1RxWcNAA8Q":{"chainKey":{"counter":3,"key":"0yMVTUfB68ZRXHXf7c90J1JFAF0loGvKgVoK0AHRMjQ="},"chainType":2,"messageKeys":{}},"BWd7UhEb29+hun2EhCJsqkoliifqxNH9sFxS3aqaJ/YO":{"chainKey":{"counter":-1,"key":"mAdlvjFCk27dLLANGnm+14bX3R+8/6vMz7sPuUdHTJ0="},"chainType":1,"messageKeys":{}}}}},"version":"v1"}