{"_sessions":{"BfQypHqfg6F0OOhKteMvj8i9+M5cmQ0hns1IUdBcd5Uu":{"registrationId":554702445,"currentRatchet":{"ephemeralKeyPair":{"pubKey":"BXqYFp19uuHUQnZRiXXhJ+1bgA0AC/WNJVrzrckqFSRN","privKey":"GIqMnPxv16sALEwdwPdgzjkh0MVooJbUK5KH3b8RL1Y="},"lastRemoteEphemeralKey":"BXoNB/a4rTKDSUL8e2viGwwn1+3gQL23FpSaf2ECpqV5","previousCounter":0,"rootKey":"KGZy/ZeO8mQF3hDQwWnhZaDIMmmIdA8XVL7Si3EqDVw="},"indexInfo":{"baseKey":"BfQypHqfg6F0OOhKteMvj8i9+M5cmQ0hns1IUdBcd5Uu","baseKeyType":1,"closed":-1,"used":1702135223698,"created":1702135181438,"remoteIdentityKey":"BRmrmR8IPnxvV3nCvTwcqQtFhs2+O0Yf3av0OkZFHslk"},"_chains":{"BXoNB/a4rTKDSUL8e2viGwwn1+3gQL23FpSaf2ECpqV5":{"chainKey":{"counter":0,"key":"6bXWjUPP/DcjOaRKBGkYLiCRkewNOBhgv288gzr7vyM="},"chainType":2,"messageKeys":{}},"BXqYFp19uuHUQnZRiXXhJ+1bgA0AC/WNJVrzrckqFSRN":{"chainKey":{"counter":9,"key":"pJZmFy0Cjhylj5UmTCnaeXbxjulip2kZyjvEQzEl/zQ="},"chainType":1,"messageKeys":{}}}}},"version":"v1"}