{"_sessions":{"BS2LxmcWOd5n5eCCfRTWyPqDBxjzvaVhZ8UMNOOw7VBB":{"registrationId":542248867,"currentRatchet":{"ephemeralKeyPair":{"pubKey":"BR3X17o3M3aDxiw7XTXO+7CmmPmX/J+z31MppJ6MyHkR","privKey":"aF5ZapNezC0SiSqB+r4zxTGz1rFPdRPNQA4JjjA7jFo="},"lastRemoteEphemeralKey":"BWyab1zlxg3E6gF1sGABMwxRsMp8Vy3kR/vCtHmKqHFU","previousCounter":0,"rootKey":"CgmMzVoEADho8tNBl+uc5CorP6YVD2bKmsxLknoNDlc="},"indexInfo":{"baseKey":"BS2LxmcWOd5n5eCCfRTWyPqDBxjzvaVhZ8UMNOOw7VBB","baseKeyType":1,"closed":-1,"used":1702095193251,"created":1702095193251,"remoteIdentityKey":"BcNnRXWSkOdiDKDpV6F3eFMdE674+sOOcf4kM2RuhCZ/"},"_chains":{"BR3X17o3M3aDxiw7XTXO+7CmmPmX/J+z31MppJ6MyHkR":{"chainKey":{"counter":15,"key":"vgwjGfmDhra5gDXrEuASZqa9DoRaoVN0kV7jNvd+JdE="},"chainType":1,"messageKeys":{}}},"pendingPreKey":{"signedKeyId":7205793,"baseKey":"BS2LxmcWOd5n5eCCfRTWyPqDBxjzvaVhZ8UMNOOw7VBB","preKeyId":9927}}},"version":"v1"}