{"_sessions":{"BdH4HHFRYYj8lInbcgLr+hGrRT8MHTAH4m6gPB5jxn9t":{"registrationId":1019229122,"currentRatchet":{"ephemeralKeyPair":{"pubKey":"BUXd7cmNXvidfhez5lwnmYY/ogAEWLBgdrclaCs7Pzhd","privKey":"4Hyo7jRM+gkTQHTGjTnqTAZ60NhGHIc8wlXcw3YUsX0="},"lastRemoteEphemeralKey":"BcLcIlH4IXc0cGZUeiT3rbriL6MdGe4jJR0RNrwli8lD","previousCounter":0,"rootKey":"cShpmpeJ1n0bTg1Eivc+BZZvWfix/Wd8FLj9NIgPM/8="},"indexInfo":{"baseKey":"BdH4HHFRYYj8lInbcgLr+hGrRT8MHTAH4m6gPB5jxn9t","baseKeyType":1,"closed":-1,"used":1702095193390,"created":1702095193390,"remoteIdentityKey":"BQy+x8W3ftxf9pp1KXIFuxLBAbRJvboXKDoS96KmC1BQ"},"_chains":{"BUXd7cmNXvidfhez5lwnmYY/ogAEWLBgdrclaCs7Pzhd":{"chainKey":{"counter":15,"key":"XwV9mKPRkwoPZHZeKWNE1XANshudsz7nZs2dsdD7rH0="},"chainType":1,"messageKeys":{}}},"pendingPreKey":{"signedKeyId":0,"baseKey":"BdH4HHFRYYj8lInbcgLr+hGrRT8MHTAH4m6gPB5jxn9t"}}},"version":"v1"}