{"_sessions":{"BRG6qI1wRxiCi4jOOj+2LhWYy99MyM//9NTCm6ngsfgN":{"registrationId":1748734802,"currentRatchet":{"ephemeralKeyPair":{"pubKey":"Bd0oxfAcPsP12f9LHS2dNxXoMye1l9sKyQv7OivW1lpC","privKey":"wO4lGjSAkC/TX1J33j0ySO706MGdJ7wMuQLkPRgKiVs="},"lastRemoteEphemeralKey":"BQbNimlWi8rV+27/xked6Ypb+5ycpSUctZAucxx1ljIo","previousCounter":0,"rootKey":"PCkHDVKEuc8NvWcRRe2j2IZSwbRIjUZ0Lvqgi9mLtVQ="},"indexInfo":{"baseKey":"BRG6qI1wRxiCi4jOOj+2LhWYy99MyM//9NTCm6ngsfgN","baseKeyType":1,"closed":-1,"used":1702095193757,"created":1702095193757,"remoteIdentityKey":"BVT1iiKVAj0lkCAFPd7b9A31suvI6VfdHM0tbJ8sVMgM"},"_chains":{"Bd0oxfAcPsP12f9LHS2dNxXoMye1l9sKyQv7OivW1lpC":{"chainKey":{"counter":15,"key":"kNGHasN/+b03P4EXef20G5g1yTGNpWt5LKa1EPKJm1Y="},"chainType":1,"messageKeys":{}}},"pendingPreKey":{"signedKeyId":1,"baseKey":"BRG6qI1wRxiCi4jOOj+2LhWYy99MyM//9NTCm6ngsfgN","preKeyId":8485313}}},"version":"v1"}