{"_sessions":{"Bf8Lzd5F/L/iwJuXfV5StVgN9YhwnrQsYIyiX7qvfCl0":{"registrationId":1661156279,"currentRatchet":{"ephemeralKeyPair":{"pubKey":"BQE78WqdzY7r/RjUK1+FzmZE/6G1Q5NoBJAzmOETypAZ","privKey":"MGw6KR9t47uKcwab6p2reOdkRo0bgmQIBNYJGEu4nGY="},"lastRemoteEphemeralKey":"BT9iCwXqjPmYteCCq55GbwPCKdZjzNAqfZyoDtPw1v1z","previousCounter":0,"rootKey":"FFpLGDhAjggS1SWgstxjE7wU3x8qYGRHMKEskAkDpq8="},"indexInfo":{"baseKey":"Bf8Lzd5F/L/iwJuXfV5StVgN9YhwnrQsYIyiX7qvfCl0","baseKeyType":1,"closed":-1,"used":1702095193260,"created":1702095193260,"remoteIdentityKey":"BWPufUDxlywI1Df+FASo6wBAx0/vWO5B127g3Zb0u3wA"},"_chains":{"BQE78WqdzY7r/RjUK1+FzmZE/6G1Q5NoBJAzmOETypAZ":{"chainKey":{"counter":15,"key":"ycUnNSEm+qiaMguYcdsdiqswew0VgxXZHlSeUDDM7EY="},"chainType":1,"messageKeys":{}}},"pendingPreKey":{"signedKeyId":2,"baseKey":"Bf8Lzd5F/L/iwJuXfV5StVgN9YhwnrQsYIyiX7qvfCl0","preKeyId":8265392}}},"version":"v1"}