{"_sessions":{"BWWkckZC6TS7WwUsprPBxDW1ZBxEytobsApQ0xoDOzog":{"registrationId":3607,"currentRatchet":{"ephemeralKeyPair":{"pubKey":"BVFt+jEgHOngEqffSXmzDcJRV+XofIf54E47Z0/CYjMu","privKey":"2G/Don6YfdiQg2Z+8uMGPwKUFn2P2UD1lZMX3zkysVc="},"lastRemoteEphemeralKey":"BeObqjbFk0luF6w9tOiqPUDH7D9MjYxKYkRMGaWQaK1U","previousCounter":0,"rootKey":"nuARkqRX463vcwGT5c1rcYhRGF4H0ELFd7yismdDuuc="},"indexInfo":{"baseKey":"BWWkckZC6TS7WwUsprPBxDW1ZBxEytobsApQ0xoDOzog","baseKeyType":1,"closed":-1,"used":1702549897603,"created":1702549897603,"remoteIdentityKey":"BSAeylmS19EjikP/upbhRsynJLf7ufdg0Zxn4WJ6QlNE"},"_chains":{"BVFt+jEgHOngEqffSXmzDcJRV+XofIf54E47Z0/CYjMu":{"chainKey":{"counter":5,"key":"SrmfqZ0utJWXdc+tEkNYUyKLn2UMWerFXPgyjtMQcR0="},"chainType":1,"messageKeys":{}}},"pendingPreKey":{"signedKeyId":1,"baseKey":"BWWkckZC6TS7WwUsprPBxDW1ZBxEytobsApQ0xoDOzog","preKeyId":62}}},"version":"v1"}