{"_sessions":{"BRqUXW8GOjXda5BJ7LArkZGizDwWdxY3Fs7xSyXSW15W":{"registrationId":43583758,"currentRatchet":{"ephemeralKeyPair":{"pubKey":"Bd2OnyX1wlp2y/WMQlD9qS72GX1v05MKMKgQv4zNPCh0","privKey":"+JiQY/yuXD2+33Cn6fCiobcJA6WdGVNTJkXy2A0FkVg="},"lastRemoteEphemeralKey":"BVlfO+nTgDtpzXTeWl+OMNFo+gB0sRxhcCXv49VUXPFS","previousCounter":0,"rootKey":"08cT7xEVHhucJJ2R+uhdpgqNrChDW9VbyILVR2fCe5A="},"indexInfo":{"baseKey":"BRqUXW8GOjXda5BJ7LArkZGizDwWdxY3Fs7xSyXSW15W","baseKeyType":1,"closed":-1,"used":1702962636127,"created":1702095193166,"remoteIdentityKey":"BWvmiHk4m3dq7gUdFPgWiY5MQUf/3CiM5//HoYsVAvQH"},"_chains":{"Bc5PkeczgPdMZKaqg+HQsb3Z/zcjAYClRjGqaKUVpsEw":{"chainKey":{"counter":1},"chainType":2,"messageKeys":{}},"BeT5vXJ6uPlMT88zdnnGRH8LPoq9Y4N+wgloFu0n+jQG":{"chainKey":{"counter":0},"chainType":2,"messageKeys":{}},"BWNHFkIUIJfoJb/4jKckrnXqkzAF0V0H8ZfUCB/xgNB6":{"chainKey":{"counter":0},"chainType":2,"messageKeys":{}},"BULYZF9bHx9I/cxZwL/PK9zmEeshS6xcHzH6RDNBLNpq":{"chainKey":{"counter":1},"chainType":2,"messageKeys":{}},"BVlfO+nTgDtpzXTeWl+OMNFo+gB0sRxhcCXv49VUXPFS":{"chainKey":{"counter":5,"key":"NnthdMvx3a3ef25S9pDhGKgKltrEj+ohHcKM+MGoSIA="},"chainType":2,"messageKeys":{"0":"ZBGsphvpNJluJs/qLNOeVSKfY3NXw6ht68YoeSaXDn0=","1":"jVFthD7UC7eUVKcWVHzBx/MfQSL4/vp6PjlE4B+ZWoQ="}},"Bd2OnyX1wlp2y/WMQlD9qS72GX1v05MKMKgQv4zNPCh0":{"chainKey":{"counter":3,"key":"PIEEyPiN8kKRhdJEfl9SfXm0d5IiHlYfXDcGLLMjU7c="},"chainType":1,"messageKeys":{}}}}},"version":"v1"}