{"_sessions":{"BblxKf2tegQtCOZwc+HEgZRYivbZLaLuBGuljTd/qD5R":{"registrationId":1472673392,"currentRatchet":{"ephemeralKeyPair":{"pubKey":"BYa8SsPt9/+aiiCrEY0jWW5eRcC43K9ifAMoWwyA7i1x","privKey":"EHDI+vC6DNjRxhpBkaBixgYjBla3Rp/Gxder440GTEg="},"lastRemoteEphemeralKey":"BWj43kXUMiwxGozbEsV8yM4cy0k2nkpy8qGwgsTqpiIX","previousCounter":0,"rootKey":"dGjCQ3VDkPlrTRTdFOVnlCJe/qnm/yLS0LY84zMtsh8="},"indexInfo":{"baseKey":"BblxKf2tegQtCOZwc+HEgZRYivbZLaLuBGuljTd/qD5R","baseKeyType":1,"closed":-1,"used":1702684977334,"created":1702095193203,"remoteIdentityKey":"Bao9rPsy75MCNU2lCLoIMCmG7QSXs0vXko8X4N4L4Edq"},"_chains":{"BXHpQvEWueRvZU/++K0Ey/C8b116+KOg2rtdrAbBxpR4":{"chainKey":{"counter":0},"chainType":2,"messageKeys":{}},"BWF11FANJ6If9CPOHk1wvfQj/bztxsTBLPvCnAAeR+Jl":{"chainKey":{"counter":0},"chainType":2,"messageKeys":{}},"BWj43kXUMiwxGozbEsV8yM4cy0k2nkpy8qGwgsTqpiIX":{"chainKey":{"counter":0,"key":"FkRj23uNrD9WOxOkTGO7HhCb0Uv165VR2g8+OuxATEs="},"chainType":2,"messageKeys":{}},"BYa8SsPt9/+aiiCrEY0jWW5eRcC43K9ifAMoWwyA7i1x":{"chainKey":{"counter":3,"key":"PbeUz1sVvfp1p4cD5N+iivJ1GExC/WxlAnhjh8PrtUc="},"chainType":1,"messageKeys":{}}}}},"version":"v1"}