{"_sessions":{"Bf1pb0/HrXXBkAxpXpWcIRrPfIfefMsg2V5SM1m91gBO":{"registrationId":110,"currentRatchet":{"ephemeralKeyPair":{"pubKey":"BdJdzLhBWUJKr0DIAe3BH2362JPgFZlQ9jj+hNS0dkEP","privKey":"sJxy7LW0x6CK8DD1zRU4FfLycoAVRirOys2vjx87Z1U="},"lastRemoteEphemeralKey":"BZCxhayDHUZk4fCW6su2tC4PXH5Bjio2oJlI+qsjmUc+","previousCounter":0,"rootKey":"Vrfaj+R68/J0SjxKvo9+fTKKqhI1/ltMh3ESJanckN0="},"indexInfo":{"baseKey":"Bf1pb0/HrXXBkAxpXpWcIRrPfIfefMsg2V5SM1m91gBO","baseKeyType":1,"closed":-1,"used":1702479676104,"created":1702479676104,"remoteIdentityKey":"BVBw2mR5vj3nFzmsul90dYeLFWyT6ichyIq8E5O2B4VP"},"_chains":{"BdJdzLhBWUJKr0DIAe3BH2362JPgFZlQ9jj+hNS0dkEP":{"chainKey":{"counter":332,"key":"C4M6os62r92HPBn0QAI0pjxB1DVDUd0wr7GWuZlw4Bc="},"chainType":1,"messageKeys":{}}},"pendingPreKey":{"signedKeyId":1,"baseKey":"Bf1pb0/HrXXBkAxpXpWcIRrPfIfefMsg2V5SM1m91gBO"}}},"version":"v1"}