{"_sessions":{"BVNlM5lkl9SQc8BlYrxL6imHITyqq6e7+xM6Q8RihLJd":{"registrationId":1963393817,"currentRatchet":{"ephemeralKeyPair":{"pubKey":"Baa5pt2gfq0mNUAM6hjlZPMzBLYSxZsOxJkbSrBlSRR8","privKey":"4P8AlRKowZ3hUbMAwpNatLThpKnNgSMUYRPNScwwYFU="},"lastRemoteEphemeralKey":"BVzydOqjAOqW5Z+yD0eUSjRwsIP81dVewRncEW+okZoh","previousCounter":0,"rootKey":"nl9ZOCnN0t6ET26l5r7J+ZiCYAcalzY5k+yeeCfG3NI="},"indexInfo":{"baseKey":"BVNlM5lkl9SQc8BlYrxL6imHITyqq6e7+xM6Q8RihLJd","baseKeyType":1,"closed":-1,"used":1702095193287,"created":1702095193287,"remoteIdentityKey":"BTfm8liygXQ3SRUktA8Da1sqeKYfy3UCScsCA8p+gFJ+"},"_chains":{"Baa5pt2gfq0mNUAM6hjlZPMzBLYSxZsOxJkbSrBlSRR8":{"chainKey":{"counter":15,"key":"2kzgo938uj503yXklyN5eEXrO+3jXg3XQgTKQ5pk4Uc="},"chainType":1,"messageKeys":{}}},"pendingPreKey":{"signedKeyId":1,"baseKey":"BVNlM5lkl9SQc8BlYrxL6imHITyqq6e7+xM6Q8RihLJd"}}},"version":"v1"}