{"_sessions":{"BVrv1KdrRTdhTjEnaimn4tICckK2xQW6PAeeTHCX1cko":{"registrationId":2057209817,"currentRatchet":{"ephemeralKeyPair":{"pubKey":"BWv+XJ3pkTlGkcmbqtsUVAbRHliki0nPMHnuHgZIx9xd","privKey":"iJfmqpq6eG8wHNeJ00IH8NE9HtYV5C4atOL6ARCOkU4="},"lastRemoteEphemeralKey":"BSaRbv2b64Bf7lvSAMaHvtc5gprTb4QgWmYm2/CcdAB4","previousCounter":7,"rootKey":"nH/B9TMEK0aFQLg9X14s4fb4fuBHK7z3AcKs+db0/nA="},"indexInfo":{"baseKey":"BVrv1KdrRTdhTjEnaimn4tICckK2xQW6PAeeTHCX1cko","baseKeyType":1,"closed":-1,"used":1702192860070,"created":1702095193420,"remoteIdentityKey":"Bfvjo3K3MiWh13bmy6Syke109mX8eQAGYTf8loop7HNQ"},"_chains":{"BSaRbv2b64Bf7lvSAMaHvtc5gprTb4QgWmYm2/CcdAB4":{"chainKey":{"counter":0,"key":"7IW8nB3x4ox8s1EDX2HLRPjP0KnujgCDY42hLf1BYrQ="},"chainType":2,"messageKeys":{}},"BWv+XJ3pkTlGkcmbqtsUVAbRHliki0nPMHnuHgZIx9xd":{"chainKey":{"counter":7,"key":"cYZAU4dV1h/efTjvbCqdrc9FS580ntDSNk63BH9eW1c="},"chainType":1,"messageKeys":{}}}}},"version":"v1"}