{"_sessions":{"BeR5j/l6d2M12vt0eK9/ad4sYhtGOtwZWD32Qcu5s38y":{"registrationId":209,"currentRatchet":{"ephemeralKeyPair":{"pubKey":"BbUZmNmpzR/Kw4SIF8vVcfKYcv1dAFCpbG8R9uRzru1v","privKey":"MCWsYMRgilgDDKVsfLHLXNR5nlkYxwRSAx8nQyotgFI="},"lastRemoteEphemeralKey":"BUj5KFbm8KhIPKl/mnjw4DV8z5RCwW40tEoojpUc1GwO","previousCounter":0,"rootKey":"G+Vtp9TFfMuCrj2ssdd23TAL2xI95zMLklSLAVU2cqU="},"indexInfo":{"baseKey":"BeR5j/l6d2M12vt0eK9/ad4sYhtGOtwZWD32Qcu5s38y","baseKeyType":1,"closed":-1,"used":1702684975110,"created":1702684975110,"remoteIdentityKey":"Bf+RamieUgkiGT6riMmUEJltW0fbSUbFKo9L5GnKEA4b"},"_chains":{"BbUZmNmpzR/Kw4SIF8vVcfKYcv1dAFCpbG8R9uRzru1v":{"chainKey":{"counter":206,"key":"QejEqqPNicCT4+DeyZ93bUJXBeCsWZ1mSvWebpnd/ZU="},"chainType":1,"messageKeys":{}}},"pendingPreKey":{"signedKeyId":1,"baseKey":"BeR5j/l6d2M12vt0eK9/ad4sYhtGOtwZWD32Qcu5s38y","preKeyId":21}}},"version":"v1"}