{"_sessions":{"BaByhVYrT//s8xzFse9K8Jv44lAD00I27oJsj4tM6d8h":{"registrationId":578960640,"currentRatchet":{"ephemeralKeyPair":{"pubKey":"BdAMQ1lPPTSqqgiG65e7/8sLK7P00IlV7e6eyDd8H655","privKey":"UGHHuXfHL1F84Db/4Kv9HDqUwjg2uz6s9yQ8Ca0V4W4="},"lastRemoteEphemeralKey":"BTmFV4TX9vg36tZk9vhjJTCJ3eXFWohLYBTtxvT/8VAQ","previousCounter":4,"rootKey":"qS16EO5ts8S2BloBjXN0kfHhNPXdEKxvwUSByZRxRr8="},"indexInfo":{"baseKey":"BaByhVYrT//s8xzFse9K8Jv44lAD00I27oJsj4tM6d8h","baseKeyType":1,"closed":-1,"used":1702964577940,"created":1702095193773,"remoteIdentityKey":"BTBcDAf45yCHE6oVsRemGEg23gPRBKxgTVVp2LvdW0lQ"},"_chains":{"BZJizOkL2mIlFakjduryvgB7bYeVJJQzE3/Q3KpcP3sL":{"chainKey":{"counter":1},"chainType":2,"messageKeys":{}},"BRvDVOold6EGi4giEBIAMM0RK/B2DDHmaQYF4R5JRmdC":{"chainKey":{"counter":0},"chainType":2,"messageKeys":{}},"BafdGaw6vZMNzg8nuqowhXk6zdLrB04J598hvWt8+Wk/":{"chainKey":{"counter":0},"chainType":2,"messageKeys":{}},"BczyBPme0xBfpBkB+nx1HuEyDUaDj7kLBWEGq+OlmVco":{"chainKey":{"counter":0},"chainType":2,"messageKeys":{}},"BfibHFtJGGPsRqAupFRk0XPXmzE8Evu/7NXqVeiKtbgD":{"chainKey":{"counter":4},"chainType":2,"messageKeys":{}},"BTmFV4TX9vg36tZk9vhjJTCJ3eXFWohLYBTtxvT/8VAQ":{"chainKey":{"counter":1,"key":"qNvgnAKCL3S/i4LrmIbDnmKZgBN9WP10LOmuJJCW8yk="},"chainType":2,"messageKeys":{}},"BdAMQ1lPPTSqqgiG65e7/8sLK7P00IlV7e6eyDd8H655":{"chainKey":{"counter":-1,"key":"DGbMklbmqEah8OIow4t1Ny9R7OyeES90p2xlweplR9k="},"chainType":1,"messageKeys":{}}}}},"version":"v1"}