{"_sessions":{"BaOE+5T0NPZpS/ij2h40cEXelvkjAUsJUx6Ps3GJ+JFn":{"registrationId":677937619,"currentRatchet":{"ephemeralKeyPair":{"pubKey":"BY2xwzoN2agk6/YVo3O8H+thq7D5vzESUF/HfWEnT0U8","privKey":"EMW3Ghw+qKXqqRhi/1O50ENLgCXmaGHTJ/YnwTtPHWE="},"lastRemoteEphemeralKey":"BQZ1iyYtUZoGIDcv3tXUu7VMh8aVo9NdizJNRwL/DXsk","previousCounter":0,"rootKey":"46WpjmA+cYFpOr4acrSgvXFMgeFrF7UMe2Po3U1R2Bs="},"indexInfo":{"baseKey":"BaOE+5T0NPZpS/ij2h40cEXelvkjAUsJUx6Ps3GJ+JFn","baseKeyType":1,"closed":1702212374219,"used":1702095193504,"created":1702095193504,"remoteIdentityKey":"BSWYUlQ/T4X3svmd8PL/RybbZVnoKa1Du0MNQlKuVcA9"},"_chains":{"BY2xwzoN2agk6/YVo3O8H+thq7D5vzESUF/HfWEnT0U8":{"chainKey":{"counter":7,"key":"a+V4ll/0pcugGxkPUdeJTR7uiOTy/eR3kZc5ZgM9ibg="},"chainType":1,"messageKeys":{}}},"pendingPreKey":{"signedKeyId":12,"baseKey":"BaOE+5T0NPZpS/ij2h40cEXelvkjAUsJUx6Ps3GJ+JFn","preKeyId":15776459}},"BW1KOr3gTNMopbyOaLV/dj7lQLPerdf8S7BRYTx6SNRY":{"registrationId":677937619,"currentRatchet":{"ephemeralKeyPair":{"pubKey":"BTxahbsOY7MqJc8cAQZppRZZgueTRUkUXJIc3MSc4doh","privKey":"YF3JGVw3VVEdzIHdkerwjMNOCNTiNqnOHiDe/zgPXF4="},"lastRemoteEphemeralKey":"BQZ1iyYtUZoGIDcv3tXUu7VMh8aVo9NdizJNRwL/DXsk","previousCounter":0,"rootKey":"EZSuhU5cEgU/M1rvae11Urw/Bwj01ImS3vFM8lo7xzU="},"indexInfo":{"baseKey":"BW1KOr3gTNMopbyOaLV/dj7lQLPerdf8S7BRYTx6SNRY","baseKeyType":1,"closed":1702212547496,"used":1702212374198,"created":1702212374198,"remoteIdentityKey":"BSWYUlQ/T4X3svmd8PL/RybbZVnoKa1Du0MNQlKuVcA9"},"_chains":{"BTxahbsOY7MqJc8cAQZppRZZgueTRUkUXJIc3MSc4doh":{"chainKey":{"counter":0,"key":"z6X4r8GLBqKEjJvIC6hlZl2kQ1k5a7xNjnpBmVRVWVc="},"chainType":1,"messageKeys":{}}},"pendingPreKey":{"signedKeyId":12,"baseKey":"BW1KOr3gTNMopbyOaLV/dj7lQLPerdf8S7BRYTx6SNRY","preKeyId":15778887}},"BSIdT9cu51MAglVdHlPmYLJGZ41pnHhJw/7YJL0HE04P":{"registrationId":677937619,"currentRatchet":{"ephemeralKeyPair":{"pubKey":"BRIFepn1QbxhrnmlQ8AIJnrYoaP+rCNt/Z9fY2lc0JtW","privKey":"wKGboc5GCYJJ/40qptzw8EdsAB/I+m9fkOElSh51P0M="},"lastRemoteEphemeralKey":"BQZ1iyYtUZoGIDcv3tXUu7VMh8aVo9NdizJNRwL/DXsk","previousCounter":0,"rootKey":"5H+lPB7kl073atSOiq9Cs99LpBJaYTrO5asN1w7fjEw="},"indexInfo":{"baseKey":"BSIdT9cu51MAglVdHlPmYLJGZ41pnHhJw/7YJL0HE04P","baseKeyType":1,"closed":1702212710872,"used":1702212547494,"created":1702212547494,"remoteIdentityKey":"BSWYUlQ/T4X3svmd8PL/RybbZVnoKa1Du0MNQlKuVcA9"},"_chains":{"BRIFepn1QbxhrnmlQ8AIJnrYoaP+rCNt/Z9fY2lc0JtW":{"chainKey":{"counter":-1,"key":"mIB8zUKm+/+sNOM1oCAMfl9HYSJwOdQDw1ro7dcVD8Q="},"chainType":1,"messageKeys":{}}},"pendingPreKey":{"signedKeyId":12,"baseKey":"BSIdT9cu51MAglVdHlPmYLJGZ41pnHhJw/7YJL0HE04P","preKeyId":15778749}},"BRVsyga8Bko+uvOgTMC6C0laEUiOXmSMe8iQ8rH6njly":{"registrationId":677937619,"currentRatchet":{"ephemeralKeyPair":{"pubKey":"BaZHHr6UiBi7OatwEOu/nk9KIw4/RjnpksiYPG1NREEI","privKey":"uOCaPu+fy1OrSM6ihuc3JpwckmtTRdUWgcJMhmd7bk8="},"lastRemoteEphemeralKey":"BQZ1iyYtUZoGIDcv3tXUu7VMh8aVo9NdizJNRwL/DXsk","previousCounter":0,"rootKey":"bZGKHktvcl534/VwExECrLqE3zBQ6AS6BYKbK0IJP6o="},"indexInfo":{"baseKey":"BRVsyga8Bko+uvOgTMC6C0laEUiOXmSMe8iQ8rH6njly","baseKeyType":1,"closed":1702212714825,"used":1702212710868,"created":1702212710868,"remoteIdentityKey":"BSWYUlQ/T4X3svmd8PL/RybbZVnoKa1Du0MNQlKuVcA9"},"_chains":{"BaZHHr6UiBi7OatwEOu/nk9KIw4/RjnpksiYPG1NREEI":{"chainKey":{"counter":-1,"key":"7ooBO6D+vYGkROs/XfIvuyHuMc8BoIeW3WNZrgS1Ows="},"chainType":1,"messageKeys":{}}},"pendingPreKey":{"signedKeyId":12,"baseKey":"BRVsyga8Bko+uvOgTMC6C0laEUiOXmSMe8iQ8rH6njly","preKeyId":15778718}},"BdUq/1zBd2kR0ufTZY3x0X+NfJF/E06YrsZNqQsOq5J6":{"registrationId":677937619,"currentRatchet":{"ephemeralKeyPair":{"pubKey":"Bevhzw0rR29nUscTwjc1eRxDcwMX8SFexPkog/LRe1BN","privKey":"iNRJzHI4WJwQctyEM8HSK6mCZ+j1sjhVEmWL5Qg0Bnw="},"lastRemoteEphemeralKey":"BQZ1iyYtUZoGIDcv3tXUu7VMh8aVo9NdizJNRwL/DXsk","previousCounter":0,"rootKey":"79nUigYVicELZKFCOOotu6knxBqM9VMe7g5z5nIQvmE="},"indexInfo":{"baseKey":"BdUq/1zBd2kR0ufTZY3x0X+NfJF/E06YrsZNqQsOq5J6","baseKeyType":1,"closed":1702212716542,"used":1702212714803,"created":1702212714803,"remoteIdentityKey":"BSWYUlQ/T4X3svmd8PL/RybbZVnoKa1Du0MNQlKuVcA9"},"_chains":{"Bevhzw0rR29nUscTwjc1eRxDcwMX8SFexPkog/LRe1BN":{"chainKey":{"counter":-1,"key":"7YFuDDSsXv4JoMj/qj1f8M4AqSoqNiUURKnXmqcfBOg="},"chainType":1,"messageKeys":{}}},"pendingPreKey":{"signedKeyId":12,"baseKey":"BdUq/1zBd2kR0ufTZY3x0X+NfJF/E06YrsZNqQsOq5J6","preKeyId":15778335}},"BaUX1UxqRfauuAKR/eOkXSXOldfQO38U0LocRJFc2PcJ":{"registrationId":677937619,"currentRatchet":{"ephemeralKeyPair":{"pubKey":"BTjYOjc/2ADk8apuCgiXHsQVgZda4U2jyC76vdlXf1hI","privKey":"0DpHpcFoEbp0cSft7jEVFIlA9XUJnVhrH2qz7TnqsFY="},"lastRemoteEphemeralKey":"BQZ1iyYtUZoGIDcv3tXUu7VMh8aVo9NdizJNRwL/DXsk","previousCounter":0,"rootKey":"k17aI2KNOsMy7ac9r7mxBW+MhgtIxX3TmywIHSKol5I="},"indexInfo":{"baseKey":"BaUX1UxqRfauuAKR/eOkXSXOldfQO38U0LocRJFc2PcJ","baseKeyType":1,"closed":1702212716908,"used":1702212716535,"created":1702212716535,"remoteIdentityKey":"BSWYUlQ/T4X3svmd8PL/RybbZVnoKa1Du0MNQlKuVcA9"},"_chains":{"BTjYOjc/2ADk8apuCgiXHsQVgZda4U2jyC76vdlXf1hI":{"chainKey":{"counter":-1,"key":"JHkET/KMwOimi5gBBwC3T8wgtBmkwU/VmPqIy2LUcL4="},"chainType":1,"messageKeys":{}}},"pendingPreKey":{"signedKeyId":12,"baseKey":"BaUX1UxqRfauuAKR/eOkXSXOldfQO38U0LocRJFc2PcJ","preKeyId":15778224}},"BaGGEUJashKKVPSDXMzA92XTIQ8XogyROIYkz9EuaWJQ":{"registrationId":677937619,"currentRatchet":{"ephemeralKeyPair":{"pubKey":"BXOhkPE/5JyJyO1EnnGbd3E2LgXBA+57zg+9nzqSfpUs","privKey":"qKHQamvViBn8M6Wr2RD8QSWpCcgkqtL/B1z9rUvE2U4="},"lastRemoteEphemeralKey":"BQZ1iyYtUZoGIDcv3tXUu7VMh8aVo9NdizJNRwL/DXsk","previousCounter":0,"rootKey":"zxr2otANP0ovpTMv1WTkV43t3lnhhEf+NWIY4/S61io="},"indexInfo":{"baseKey":"BaGGEUJashKKVPSDXMzA92XTIQ8XogyROIYkz9EuaWJQ","baseKeyType":1,"closed":-1,"used":1702212716905,"created":1702212716905,"remoteIdentityKey":"BSWYUlQ/T4X3svmd8PL/RybbZVnoKa1Du0MNQlKuVcA9"},"_chains":{"BXOhkPE/5JyJyO1EnnGbd3E2LgXBA+57zg+9nzqSfpUs":{"chainKey":{"counter":6,"key":"hhVs01Aod/ZSuYtI7Zs4btz/FYDgI5gV7r+Yrc9262o="},"chainType":1,"messageKeys":{}}},"pendingPreKey":{"signedKeyId":12,"baseKey":"BaGGEUJashKKVPSDXMzA92XTIQ8XogyROIYkz9EuaWJQ","preKeyId":15778803}}},"version":"v1"}