{"_sessions":{"BRQ+XWhQI1gbCKj1jQihSb3LB7dRXKo0bYPDq+g2ALVz":{"registrationId":1482263901,"currentRatchet":{"ephemeralKeyPair":{"pubKey":"BY3ZEICTJl4wkmXuGREKBPgxKZ9iR9DEyhXxOhFBXXEt","privKey":"MOKJYDeMTmXTehXeHH66sT1vVu2AM3gOFYMQuiIZ/Ws="},"lastRemoteEphemeralKey":"Bb98VIkDuiudxPw6nVqExngjfX84JiWFPqF0pbSKw5Zj","previousCounter":0,"rootKey":"U/9lHv8PCGzZA2KdmE8+PlyMz2IgQ9eqeknhJ4pYO7s="},"indexInfo":{"baseKey":"BRQ+XWhQI1gbCKj1jQihSb3LB7dRXKo0bYPDq+g2ALVz","baseKeyType":1,"closed":-1,"used":1702095193142,"created":1702095193142,"remoteIdentityKey":"BQB9k2XjumMcn3xA2xrF0o7Ek+ZAh4B+eb9/3HBBIHwz"},"_chains":{"BY3ZEICTJl4wkmXuGREKBPgxKZ9iR9DEyhXxOhFBXXEt":{"chainKey":{"counter":15,"key":"NqnUz7vBBAAHheMicHUJW/w4gXzEmdyafjICbB3OCpw="},"chainType":1,"messageKeys":{}}},"pendingPreKey":{"signedKeyId":30,"baseKey":"BRQ+XWhQI1gbCKj1jQihSb3LB7dRXKo0bYPDq+g2ALVz","preKeyId":16307703}}},"version":"v1"}