{"_sessions":{"BebkW95MCzOOPRRgVtFtRQUJTUZVVQNkEKA7/A8APA1j":{"registrationId":419559074,"currentRatchet":{"ephemeralKeyPair":{"pubKey":"BWxCzaV/5P4UkoI/iwI5UWCC7cRbEqGKs2XyFS/Wu2IC","privKey":"oIkgsQTVFMLOHOTf2pDBF70VDSMIP+sFY79ebieghF0="},"lastRemoteEphemeralKey":"BYdMg4/2rFC1p3JYdN1HPIBeoCs9M/YCBpNtCfHNRjBb","previousCounter":0,"rootKey":"PqFC+qT7NO4g9jOGHUDl9lKbOFmxO8Bw65jt6dDEZlY="},"indexInfo":{"baseKey":"BebkW95MCzOOPRRgVtFtRQUJTUZVVQNkEKA7/A8APA1j","baseKeyType":1,"closed":-1,"used":1702095193325,"created":1702095193325,"remoteIdentityKey":"BRLaIFHQT9nmLXCR1CoRBmHvZM224Wp6rRj392J4cjQl"},"_chains":{"BWxCzaV/5P4UkoI/iwI5UWCC7cRbEqGKs2XyFS/Wu2IC":{"chainKey":{"counter":15,"key":"kCKLgje766lBwPoRUSKcU/9leel9vBj+RzoFknTFYf8="},"chainType":1,"messageKeys":{}}},"pendingPreKey":{"signedKeyId":2,"baseKey":"BebkW95MCzOOPRRgVtFtRQUJTUZVVQNkEKA7/A8APA1j","preKeyId":8098242}}},"version":"v1"}