{"_sessions":{"BWsgJmYRHbkx6UO9aWA7kOkJz3rLyoqJ8g5Eiy8P7mAO":{"registrationId":1939671360,"currentRatchet":{"ephemeralKeyPair":{"pubKey":"BZWUE+L9IRFkbm8I8vFqwFgWzvxBj9DGhQkMKLD4xtAX","privKey":"QFPrmp7NvndH/BBr5Q7+XZ5dsm7H27dcI0zgvh1HSno="},"lastRemoteEphemeralKey":"BYAuC3edSGNCnRyUxRMVhokd1GD3isBowdWqm0xTB4VP","previousCounter":2,"rootKey":"MDcn+u93/OMHy9OJax+jHJ2veNbx+nPweynvkE/+ywg="},"indexInfo":{"baseKey":"BWsgJmYRHbkx6UO9aWA7kOkJz3rLyoqJ8g5Eiy8P7mAO","baseKeyType":1,"closed":-1,"used":1702381895171,"created":1702095193539,"remoteIdentityKey":"BRXJAcHdYexot81qxLgge7uuW2NZ4j8EiD3Y5qo7le0p"},"_chains":{"BefN0ZIsbcYVFB3wGpxmYt1JSC4S86bKm/pnSzZTER5T":{"chainKey":{"counter":0},"chainType":2,"messageKeys":{}},"BYAuC3edSGNCnRyUxRMVhokd1GD3isBowdWqm0xTB4VP":{"chainKey":{"counter":0,"key":"iNdBSSozLxzgc7vLEf8G1VyqpFbryJb4GU+dmTV6Puw="},"chainType":2,"messageKeys":{}},"BZWUE+L9IRFkbm8I8vFqwFgWzvxBj9DGhQkMKLD4xtAX":{"chainKey":{"counter":4,"key":"TpIxxY2YgcmR3b1kkN0fxKVZsUDlQZr4Fn2aCnPDJfE="},"chainType":1,"messageKeys":{}}}}},"version":"v1"}