{"_sessions":{"BYkR82DQwu/fjnGNtMax6IlfmHsnq7EH9bSK+IZ4BCYc":{"registrationId":620372484,"currentRatchet":{"ephemeralKeyPair":{"pubKey":"BdGnc1Pi326CsDTZpOT5LsGken/uAlbCGU7pjh43NPVD","privKey":"MDLoJpEZIA+wA7gSiGeIdEzNAPNEmBLv4s+e5tdq2HM="},"lastRemoteEphemeralKey":"BTHt4ZSKZuHsqghGjkbG3+OtKEjmaw36lR8ltt4hUpVE","previousCounter":5,"rootKey":"QxarUK3/aJAoG5vsCxNhCdWuhZWARXdPJLuDCf2woWc="},"indexInfo":{"baseKey":"BYkR82DQwu/fjnGNtMax6IlfmHsnq7EH9bSK+IZ4BCYc","baseKeyType":1,"closed":-1,"used":1702890566296,"created":1702095193375,"remoteIdentityKey":"BWFVxF2KHldnpI945E3NUgtc/BHYmLTgmWOWGl/ln/pX"},"_chains":{"BXp8P1g4g1nHrJ+vRJCrTp28e/T07om94AikbEmduyhf":{"chainKey":{"counter":1},"chainType":2,"messageKeys":{"0":"8W4z+Xbs0wViQYAsiEpZt1kkwGFROSQGCU7cAV5Wclg="}},"BX4aM605JPbGheGuJ+MAmOK3PW4GhChHCpMm7+xc5oN0":{"chainKey":{"counter":0},"chainType":2,"messageKeys":{}},"Bd+6XgTPYVfQn36qLCB2otpV+jd9xYKpxpDOVeZJVoxH":{"chainKey":{"counter":1},"chainType":2,"messageKeys":{}},"BbX0qSvbsVD1UayypCy9h+fYAJJvFFTvldGJrLVxtgor":{"chainKey":{"counter":2},"chainType":2,"messageKeys":{}},"BTfU4D3aP3Gn2IaMwOzCJ9SGHSCqxvMW30ctL54k9vw2":{"chainKey":{"counter":0},"chainType":2,"messageKeys":{}},"BTHt4ZSKZuHsqghGjkbG3+OtKEjmaw36lR8ltt4hUpVE":{"chainKey":{"counter":0,"key":"0Glu+AahRfL/H/GjQSjTRfHupKrUH6BEuk7z84adgZ4="},"chainType":2,"messageKeys":{}},"BdGnc1Pi326CsDTZpOT5LsGken/uAlbCGU7pjh43NPVD":{"chainKey":{"counter":-1,"key":"G9T0Z2ol/EF7WFYRkWwrY9XBHJ8lRDUejGvjOgivU/8="},"chainType":1,"messageKeys":{}}}}},"version":"v1"}