{"_sessions":{"BasD1o4FN4wLscoKMZCuQ/BYJckAjeW6JYGV34zHwaNw":{"registrationId":222,"currentRatchet":{"ephemeralKeyPair":{"pubKey":"BQGcJ4POrD+Isl5VW6Ud3+Q8qSjbo1Hwzb2qOiNPjlZT","privKey":"CN4/ZDJuQ90yXZjR8KtQ4juUA487+KdgbXJd0mMzjVY="},"lastRemoteEphemeralKey":"BYGtFA2tB6SiEAtgxXpQL8TaadL7vW1dnhPFrHbDXKcU","previousCounter":0,"rootKey":"YJLZESS0r3kAdnfOliQ/jk84pM6piEhRhDl6CCKbZg4="},"indexInfo":{"baseKey":"BasD1o4FN4wLscoKMZCuQ/BYJckAjeW6JYGV34zHwaNw","baseKeyType":1,"closed":-1,"used":1702864432467,"created":1702864432467,"remoteIdentityKey":"BWoGKuIBUYgFMUzgWdYgZWTGC0cxymw6GV8/jev6adlR"},"_chains":{"BQGcJ4POrD+Isl5VW6Ud3+Q8qSjbo1Hwzb2qOiNPjlZT":{"chainKey":{"counter":0,"key":"PLrIffoj4y2LYM61Pyox9Z+OKT2yxJmAJEXoVCcef2s="},"chainType":1,"messageKeys":{}}},"pendingPreKey":{"signedKeyId":1,"baseKey":"BasD1o4FN4wLscoKMZCuQ/BYJckAjeW6JYGV34zHwaNw"}}},"version":"v1"}