{"_sessions":{"Baie52E6yG+tZ62TJr0DJPs3Zp63D+8wRRCbKUYeUGEX":{"registrationId":1375317132,"currentRatchet":{"ephemeralKeyPair":{"pubKey":"BTur0XnGrikoUPR/eOr/uOuQ3+WtHvmbEj2kVnpb3a0u","privKey":"0OCC2TA8Hs/qb2K3CVaCpUBQB14/trNuw+SDnABwyFs="},"lastRemoteEphemeralKey":"BXEJfzVjRobOlVTDLLDs7RlGcY0JS1G99G0XdvgojnQQ","previousCounter":0,"rootKey":"nLN8x7QnqaU4Na1FQOAvvVjKO3RJxxS29nsZVZbeRkI="},"indexInfo":{"baseKey":"Baie52E6yG+tZ62TJr0DJPs3Zp63D+8wRRCbKUYeUGEX","baseKeyType":2,"closed":-1,"used":1702896416683,"created":1702113961360,"remoteIdentityKey":"BXphOKYB6Qz0/QAw8VgoHcsVX9GAh8NQe48c4QP8Dt8Z"},"_chains":{"BTEihlb4hMyz+HUULVU1iyoe7zpO1fxI0PlzbEv8aUMP":{"chainKey":{"counter":29},"chainType":2,"messageKeys":{}},"BTCWgRp8MoLJ3YDwaY49RLVcAzfyYOOuyJzspEs1Oe83":{"chainKey":{"counter":0},"chainType":2,"messageKeys":{}},"BWwpTC8Klhd6ZkJ+0Ze3uxXF95+WKCLHO8E7r+MvkEFq":{"chainKey":{"counter":0},"chainType":2,"messageKeys":{}},"Bbo2+iTfh0QhUylWs7sVOwFxlU/uCtpx7LZkmSOjloV2":{"chainKey":{"counter":2},"chainType":2,"messageKeys":{}},"BY03g7gPnnGEHlSPq1q62/m8iThQIOhCAHdy3aAUklMS":{"chainKey":{"counter":0},"chainType":2,"messageKeys":{}},"BUCytRpS0qX53+Ce04YyyAK82udfyWDQ5nX/yCPhZBY1":{"chainKey":{"counter":2},"chainType":2,"messageKeys":{}},"BWoch6gq9J6B4AsyOqcMrZTf4q6zsG0q2noZgXRgNbML":{"chainKey":{"counter":1},"chainType":2,"messageKeys":{}},"BXEJfzVjRobOlVTDLLDs7RlGcY0JS1G99G0XdvgojnQQ":{"chainKey":{"counter":15,"key":"TMnnjcP4WNe16cbEcX7QWI+hCI90kGv4SQMkFS2D+Os="},"chainType":2,"messageKeys":{}},"BTur0XnGrikoUPR/eOr/uOuQ3+WtHvmbEj2kVnpb3a0u":{"chainKey":{"counter":-1,"key":"g0yguTTzF+sPAbzZIWk4q7X0kK2nDHB/w6bG8ggAlao="},"chainType":1,"messageKeys":{}}}}},"version":"v1"}