{"_sessions":{"BTPMf9s2sq0Yam77VoSsWdCr+y8C8yTd1fY/cTZJ7vJy":{"registrationId":855067688,"currentRatchet":{"ephemeralKeyPair":{"pubKey":"BaEaXv6sGrM2qTv3xOgWPlDoz5CaUGBJ4Od638u031Rz","privKey":"8HEKOHvgr3HQ58m2jdX1JwXHtp62K+8r8kwl34duBV8="},"lastRemoteEphemeralKey":"Bfvk8VRa/ZuySuWs932VLd0/6brXIlZF9GJUeXmLsVIs","previousCounter":0,"rootKey":"llhRmFzdgXIqCeT9zN4jM28UJLOuVHl7oGWyL9z/8Yw="},"indexInfo":{"baseKey":"BTPMf9s2sq0Yam77VoSsWdCr+y8C8yTd1fY/cTZJ7vJy","baseKeyType":1,"closed":-1,"used":1702095193597,"created":1702095193597,"remoteIdentityKey":"BQM4CFBO8gmLImsCKrTc3x+HSuNWFwkySlmwk5opFB4e"},"_chains":{"BaEaXv6sGrM2qTv3xOgWPlDoz5CaUGBJ4Od638u031Rz":{"chainKey":{"counter":15,"key":"cDP12SMVT7sOTyC++1JIzh8yc6kvRsdgP0HkWsSGGfc="},"chainType":1,"messageKeys":{}}},"pendingPreKey":{"signedKeyId":0,"baseKey":"BTPMf9s2sq0Yam77VoSsWdCr+y8C8yTd1fY/cTZJ7vJy","preKeyId":2125214}}},"version":"v1"}