{"_sessions":{"BUEJRAsI+S/Ga3zSNWnq+EW3zXVPxolStPi1FYZyvaJp":{"registrationId":1634040242,"currentRatchet":{"ephemeralKeyPair":{"pubKey":"BbBo4E2+ZgJtKHF5NjZPjX8gtLCIhsw0a9fLgTE6ubJj","privKey":"OEf96ozcnz3/okydWVQixQawRG4905SOasy1qqIFe1I="},"lastRemoteEphemeralKey":"BW8oUWSshcU5snlp61HyQv2ic/QJyUc8UTi0piA4nBdi","previousCounter":0,"rootKey":"s3AuumTt7OB7t9cnd1nGo7Lf8jciQxxuQAzckq+oGJA="},"indexInfo":{"baseKey":"BUEJRAsI+S/Ga3zSNWnq+EW3zXVPxolStPi1FYZyvaJp","baseKeyType":1,"closed":1702250243291,"used":1702095193159,"created":1702095193159,"remoteIdentityKey":"BSmL3kk0MmbQ/GRHNC/0/aiPH7vxNANmPA+UpnO3q6kB"},"_chains":{"BbBo4E2+ZgJtKHF5NjZPjX8gtLCIhsw0a9fLgTE6ubJj":{"chainKey":{"counter":9,"key":"myDm1Ili7ShfOj6LgqCYP33rS3GuECJ3GgWHEUdXZz0="},"chainType":1,"messageKeys":{}}},"pendingPreKey":{"signedKeyId":1,"baseKey":"BUEJRAsI+S/Ga3zSNWnq+EW3zXVPxolStPi1FYZyvaJp","preKeyId":11338081}},"BQKPS8hgKpimLqzq514QEnCq8RNWS7uGivISmGuAAIAk":{"registrationId":2008080364,"currentRatchet":{"ephemeralKeyPair":{"pubKey":"BQ2+IaUdLMxjpFuYKEGTGmxZfxxFT9Ewul2iqHTY9T5z","privKey":"sBMHfesYw9gOnNzVBOBP8coVNB4v39lDyjXlQlTgOmY="},"lastRemoteEphemeralKey":"BUijX10QJKiSb/i6d5/1wsJFL1JGEKcuCek6h48OPZ1v","previousCounter":0,"rootKey":"bVLDo6jQVIAZTbNay4Q4phc0QjDJmNVqwRF2TmyCpzY="},"indexInfo":{"baseKey":"BQKPS8hgKpimLqzq514QEnCq8RNWS7uGivISmGuAAIAk","baseKeyType":1,"closed":1702250243459,"used":1702250243201,"created":1702250243201,"remoteIdentityKey":"BSnleAXpYNn7ski0djT9x3wrY6gbIe/aPimijzLd7cgC"},"_chains":{"BQ2+IaUdLMxjpFuYKEGTGmxZfxxFT9Ewul2iqHTY9T5z":{"chainKey":{"counter":-1,"key":"6bWQZ3wYWFydwvLTAIhu/sP/jItHudafh7CVqyWyE3Y="},"chainType":1,"messageKeys":{}}},"pendingPreKey":{"signedKeyId":0,"baseKey":"BQKPS8hgKpimLqzq514QEnCq8RNWS7uGivISmGuAAIAk"}},"BW22GTg7rmVr0Q5qrfmPKDpabM8NNIEYi1cHMwexm119":{"registrationId":2008080364,"currentRatchet":{"ephemeralKeyPair":{"pubKey":"BQxwmSo+wG4k2SEYkfJmzEXAI1STplxVlCS0X2W1FDtH","privKey":"GNLhXJV8aCraU/HhMlbeUudyH/m6DNtT2NKcTlOIvVA="},"lastRemoteEphemeralKey":"BUijX10QJKiSb/i6d5/1wsJFL1JGEKcuCek6h48OPZ1v","previousCounter":0,"rootKey":"SXYqAUcp58zpQ643OHVTHUav/2Y912ivQlFAfHyVEHg="},"indexInfo":{"baseKey":"BW22GTg7rmVr0Q5qrfmPKDpabM8NNIEYi1cHMwexm119","baseKeyType":1,"closed":1702250243549,"used":1702250243454,"created":1702250243454,"remoteIdentityKey":"BSnleAXpYNn7ski0djT9x3wrY6gbIe/aPimijzLd7cgC"},"_chains":{"BQxwmSo+wG4k2SEYkfJmzEXAI1STplxVlCS0X2W1FDtH":{"chainKey":{"counter":-1,"key":"ia2AMzUno/eszgwv02y+81jicLUULedR896uOLvFb0I="},"chainType":1,"messageKeys":{}}},"pendingPreKey":{"signedKeyId":0,"baseKey":"BW22GTg7rmVr0Q5qrfmPKDpabM8NNIEYi1cHMwexm119"}},"Bdkn5GMOqONZkN8pTZ2NwQ8SvR5rbyA0P8qr7lmzLyY8":{"registrationId":2008080364,"currentRatchet":{"ephemeralKeyPair":{"pubKey":"BV29MNRltJhrcMuP9VzZepT08tBb0TvWVm3AJiQ+9c8N","privKey":"0BLhCuk6/Zou8F6BUNRvuxZQJeX2wPP3i4wR4lynD2I="},"lastRemoteEphemeralKey":"BUijX10QJKiSb/i6d5/1wsJFL1JGEKcuCek6h48OPZ1v","previousCounter":0,"rootKey":"gZWR8J0PZmHikn7UrqVw1XMOTvSt/RzmzeLjCLcJNtg="},"indexInfo":{"baseKey":"Bdkn5GMOqONZkN8pTZ2NwQ8SvR5rbyA0P8qr7lmzLyY8","baseKeyType":1,"closed":1702250243685,"used":1702250243544,"created":1702250243544,"remoteIdentityKey":"BSnleAXpYNn7ski0djT9x3wrY6gbIe/aPimijzLd7cgC"},"_chains":{"BV29MNRltJhrcMuP9VzZepT08tBb0TvWVm3AJiQ+9c8N":{"chainKey":{"counter":-1,"key":"zw4rkyrkVvC8kcvu81E40C6ISL4rijUEKW341C7QZCk="},"chainType":1,"messageKeys":{}}},"pendingPreKey":{"signedKeyId":0,"baseKey":"Bdkn5GMOqONZkN8pTZ2NwQ8SvR5rbyA0P8qr7lmzLyY8"}},"BXvbQLwcC7nOffAwxDIcLazLs7+FuxO8duXOUUUYjKMH":{"registrationId":2008080364,"currentRatchet":{"ephemeralKeyPair":{"pubKey":"BVCZH7be4GLdo7cFQ1dIL32PQrh7W4l/JwiqROSXQes7","privKey":"mHxMxpSvowFDzxv8Z6hRG67cW7rIjxKVvUj+Lh436F0="},"lastRemoteEphemeralKey":"BUijX10QJKiSb/i6d5/1wsJFL1JGEKcuCek6h48OPZ1v","previousCounter":0,"rootKey":"oNwMnn4fRADANHeYqgu8BI8ZiRAirShjrvRkYrDRimc="},"indexInfo":{"baseKey":"BXvbQLwcC7nOffAwxDIcLazLs7+FuxO8duXOUUUYjKMH","baseKeyType":1,"closed":1702250243792,"used":1702250243673,"created":1702250243673,"remoteIdentityKey":"BSnleAXpYNn7ski0djT9x3wrY6gbIe/aPimijzLd7cgC"},"_chains":{"BVCZH7be4GLdo7cFQ1dIL32PQrh7W4l/JwiqROSXQes7":{"chainKey":{"counter":-1,"key":"4EJKzBUuWvHqdxMa2z2CidFbq7F2mhK2K03KA/yC1BA="},"chainType":1,"messageKeys":{}}},"pendingPreKey":{"signedKeyId":0,"baseKey":"BXvbQLwcC7nOffAwxDIcLazLs7+FuxO8duXOUUUYjKMH"}},"BaMiTewpJcM+eS6Dt0FZsS+O3+RUmJ5+MUV9wYv8/BEr":{"registrationId":2008080364,"currentRatchet":{"ephemeralKeyPair":{"pubKey":"BUFSbUZSPQtfSP0nV4iV+vlG/Q767QDmF8bsIYXXT5QP","privKey":"oHFfBSBVIa5yFXoXcWb7rCeYzE1ErF7ijz9FLlpKQ1c="},"lastRemoteEphemeralKey":"BUijX10QJKiSb/i6d5/1wsJFL1JGEKcuCek6h48OPZ1v","previousCounter":0,"rootKey":"Lx2gQkMy2PRpC9qLiDwBfrf5hyDtvufv3E+9PxBMp2o="},"indexInfo":{"baseKey":"BaMiTewpJcM+eS6Dt0FZsS+O3+RUmJ5+MUV9wYv8/BEr","baseKeyType":1,"closed":1702250243878,"used":1702250243779,"created":1702250243779,"remoteIdentityKey":"BSnleAXpYNn7ski0djT9x3wrY6gbIe/aPimijzLd7cgC"},"_chains":{"BUFSbUZSPQtfSP0nV4iV+vlG/Q767QDmF8bsIYXXT5QP":{"chainKey":{"counter":-1,"key":"vUkePzNrnxIHdnbpNp30/9oX9hNuAKqF7FcwZPNQcWk="},"chainType":1,"messageKeys":{}}},"pendingPreKey":{"signedKeyId":0,"baseKey":"BaMiTewpJcM+eS6Dt0FZsS+O3+RUmJ5+MUV9wYv8/BEr"}},"Bd4wWcqv30CSH8lWciRfpnBkQvymILueYk3DVSjdYzML":{"registrationId":2008080364,"currentRatchet":{"ephemeralKeyPair":{"pubKey":"BXwY8PActtc8V3hFv2nosXXp8blgxAUB31ld+n6sbLdw","privKey":"OEfrOxlf4ikB6tYRkwBsUf/SQ/BdoII9eQ0FBnK4EEA="},"lastRemoteEphemeralKey":"BUijX10QJKiSb/i6d5/1wsJFL1JGEKcuCek6h48OPZ1v","previousCounter":0,"rootKey":"JVKPwjKGly0GCPZnRlHtGTYQCHpAfYBjUF51OspQMgg="},"indexInfo":{"baseKey":"Bd4wWcqv30CSH8lWciRfpnBkQvymILueYk3DVSjdYzML","baseKeyType":1,"closed":1702250244010,"used":1702250243875,"created":1702250243875,"remoteIdentityKey":"BSnleAXpYNn7ski0djT9x3wrY6gbIe/aPimijzLd7cgC"},"_chains":{"BXwY8PActtc8V3hFv2nosXXp8blgxAUB31ld+n6sbLdw":{"chainKey":{"counter":-1,"key":"HzMJxxDOZd+3LXOpUusMoMDLVrpD4d6ul1Urj3mzcAY="},"chainType":1,"messageKeys":{}}},"pendingPreKey":{"signedKeyId":0,"baseKey":"Bd4wWcqv30CSH8lWciRfpnBkQvymILueYk3DVSjdYzML"}},"BWqt4M9OBzevEFqUk3JcKHigaolny2mLMT9V2mjqLBBf":{"registrationId":2008080364,"currentRatchet":{"ephemeralKeyPair":{"pubKey":"BX/G1B0AL7lzuZJp4mGzZfhaRTnOHcVSFcDVa8bIqBxY","privKey":"wBsIHPAp7B4wG4sM6irxqswK0GeDSUC4lEePu9Nugm8="},"lastRemoteEphemeralKey":"BUijX10QJKiSb/i6d5/1wsJFL1JGEKcuCek6h48OPZ1v","previousCounter":0,"rootKey":"J8bgSwEE7pWneN2lSvd3JN4YnhrrlMowxE9zeSJZ58g="},"indexInfo":{"baseKey":"BWqt4M9OBzevEFqUk3JcKHigaolny2mLMT9V2mjqLBBf","baseKeyType":1,"closed":1702250244122,"used":1702250244002,"created":1702250244002,"remoteIdentityKey":"BSnleAXpYNn7ski0djT9x3wrY6gbIe/aPimijzLd7cgC"},"_chains":{"BX/G1B0AL7lzuZJp4mGzZfhaRTnOHcVSFcDVa8bIqBxY":{"chainKey":{"counter":-1,"key":"fQm/ZTSkl429Vc+902Bz76HURlwZC1WiaOXb923FAbw="},"chainType":1,"messageKeys":{}}},"pendingPreKey":{"signedKeyId":0,"baseKey":"BWqt4M9OBzevEFqUk3JcKHigaolny2mLMT9V2mjqLBBf"}},"BbO0xoTK1TfcYuB6TMgqPKX8nw3vOjgvAkKW7w2MU41h":{"registrationId":2008080364,"currentRatchet":{"ephemeralKeyPair":{"pubKey":"BaC5VMjgZO3cadLbwDvFbQ1C1vptDc4SESvB/wSkGYso","privKey":"KHLdLcK26V4Ok2Nt9JUyBUWqyhJ/jAkcLuRZtD3Q3Uw="},"lastRemoteEphemeralKey":"BUijX10QJKiSb/i6d5/1wsJFL1JGEKcuCek6h48OPZ1v","previousCounter":0,"rootKey":"AcCZVMkeHUjwDVYAtNeXT2bEgHpna98zN5ZXIfBzkxY="},"indexInfo":{"baseKey":"BbO0xoTK1TfcYuB6TMgqPKX8nw3vOjgvAkKW7w2MU41h","baseKeyType":1,"closed":1702250244443,"used":1702250244120,"created":1702250244120,"remoteIdentityKey":"BSnleAXpYNn7ski0djT9x3wrY6gbIe/aPimijzLd7cgC"},"_chains":{"BaC5VMjgZO3cadLbwDvFbQ1C1vptDc4SESvB/wSkGYso":{"chainKey":{"counter":-1,"key":"j0ldQ2DmAt1NbSHpfF69+OBrkHlWIE+ZHZo6fF0k/9M="},"chainType":1,"messageKeys":{}}},"pendingPreKey":{"signedKeyId":0,"baseKey":"BbO0xoTK1TfcYuB6TMgqPKX8nw3vOjgvAkKW7w2MU41h"}},"BUnCpLV5tQmCKGx1BZPrSN/UpDH+7WpHceGVuk3OuZxF":{"registrationId":2008080364,"currentRatchet":{"ephemeralKeyPair":{"pubKey":"BQMRn3mK9FO1poYpF7gDD6dvz6fRk+4y+It2GYih2gRv","privKey":"aLGMrNxGhH/Um+q3pKn286bOrt6AhmeRqsMxbn3Sxlo="},"lastRemoteEphemeralKey":"BUijX10QJKiSb/i6d5/1wsJFL1JGEKcuCek6h48OPZ1v","previousCounter":0,"rootKey":"JQ9sxLnFGkITqFjjrKCGk6sbLlNj9bRxnurYSB+Iveg="},"indexInfo":{"baseKey":"BUnCpLV5tQmCKGx1BZPrSN/UpDH+7WpHceGVuk3OuZxF","baseKeyType":1,"closed":-1,"used":1702250244394,"created":1702250244394,"remoteIdentityKey":"BSnleAXpYNn7ski0djT9x3wrY6gbIe/aPimijzLd7cgC"},"_chains":{"BQMRn3mK9FO1poYpF7gDD6dvz6fRk+4y+It2GYih2gRv":{"chainKey":{"counter":-1,"key":"0jMtaWKFgirJ+P4wbW2nEG1kYUD7+NASSVZ8fwqkmxM="},"chainType":1,"messageKeys":{}}},"pendingPreKey":{"signedKeyId":0,"baseKey":"BUnCpLV5tQmCKGx1BZPrSN/UpDH+7WpHceGVuk3OuZxF"}}},"version":"v1"}