{"_sessions":{"BYDkj5Fu4sZgYpFt3yNpix+x1WDNRj82hkNh1cs6xlcb":{"registrationId":6534,"currentRatchet":{"ephemeralKeyPair":{"pubKey":"BVKakUH72krdNUhrlMKR/R0qFVUHMerIy/757KcvIr81","privKey":"8A+saoWLhx84vjXp9/LOentYnOYZ4d11XhiBj/jK/Ug="},"lastRemoteEphemeralKey":"BXIK04pdyLxvdCRjM5OHqfrP5MeEQu/4I247Bk5itB4K","previousCounter":0,"rootKey":"EkI2vOGgCqfODcxI557bp3QcztW5IKV7U7bfQw19Gtw="},"indexInfo":{"baseKey":"BYDkj5Fu4sZgYpFt3yNpix+x1WDNRj82hkNh1cs6xlcb","baseKeyType":1,"closed":-1,"used":1702095193136,"created":1702095193136,"remoteIdentityKey":"BV0jt7yYqUc4eJQ8aMmjL8ykTF1VgKZ2iJD0++VoUvND"},"_chains":{"BVKakUH72krdNUhrlMKR/R0qFVUHMerIy/757KcvIr81":{"chainKey":{"counter":15,"key":"tQaCIoQgbR6268RJZF0ANXr+/wvGxC13W36SGGXWJV0="},"chainType":1,"messageKeys":{}}},"pendingPreKey":{"signedKeyId":1,"baseKey":"BYDkj5Fu4sZgYpFt3yNpix+x1WDNRj82hkNh1cs6xlcb","preKeyId":1219}}},"version":"v1"}