{"_sessions":{"BacnkoPuHHmi5hay5rcFlfLko04ckwUGzxLhkXyAob4V":{"registrationId":1725879338,"currentRatchet":{"ephemeralKeyPair":{"pubKey":"BXYvkXvFvL8S4pWpDzvUzi3xSFEK6coMsLpjecoNhJRG","privKey":"4BzusW27ZbklJuO+piFKS/pQz/kr6qO69wo2CTMWUGI="},"lastRemoteEphemeralKey":"Ba33iBlF1RQYl3Zkus9rJ8W5zFK+FrJ6icxwKV0PXARQ","previousCounter":0,"rootKey":"EzNgx1t4xAP5M/rIY7srLH2TpEri+9gSDzb4xRNAFP4="},"indexInfo":{"baseKey":"BacnkoPuHHmi5hay5rcFlfLko04ckwUGzxLhkXyAob4V","baseKeyType":1,"closed":-1,"used":1702095193318,"created":1702095193318,"remoteIdentityKey":"BfHIzdT+7esnEo8Zf2L1fdEglYdh8nXuadocb2IKqX4K"},"_chains":{"BXYvkXvFvL8S4pWpDzvUzi3xSFEK6coMsLpjecoNhJRG":{"chainKey":{"counter":15,"key":"l5InjDS6GpSWzz5GLUKfsltAZVKUyibSI/TYlX8a8v0="},"chainType":1,"messageKeys":{}}},"pendingPreKey":{"signedKeyId":16,"baseKey":"BacnkoPuHHmi5hay5rcFlfLko04ckwUGzxLhkXyAob4V","preKeyId":11103398}}},"version":"v1"}