{"_sessions":{"BQS6wHk6nve+1z8/agEz3GRgi3pCsTmEV4G2dxmQn0Ru":{"registrationId":1773399845,"currentRatchet":{"ephemeralKeyPair":{"pubKey":"BfPUEPl8RFwiMCK24kg2YPZRRZ6ihKl0myyqo5+juiYy","privKey":"EKWvzCy0OM/OJxN2hD1bRtvojMfdi9UcgZ2a9KnsW20="},"lastRemoteEphemeralKey":"BXhmfMwxSlCZD2hwPIf/eKXO3tMaligGq3cHDuaZtbNJ","previousCounter":0,"rootKey":"Lt1/0SLXxZqxrjW3NhCgpBGdPNp3s0L/zecQruY+QFs="},"indexInfo":{"baseKey":"BQS6wHk6nve+1z8/agEz3GRgi3pCsTmEV4G2dxmQn0Ru","baseKeyType":1,"closed":-1,"used":1702479681415,"created":1702095193697,"remoteIdentityKey":"Bf5aMtMRgaiqWKMMwsB5HUaV8IVA/51U/U9+jT9SYFgF"},"_chains":{"Bc6bILOYwTcN/+61/njG23movxMAmUHikB9dz5YxyAME":{"chainKey":{"counter":0},"chainType":2,"messageKeys":{}},"BXhmfMwxSlCZD2hwPIf/eKXO3tMaligGq3cHDuaZtbNJ":{"chainKey":{"counter":0,"key":"5pxrQbphGbeeo5Z8bhRfLjYtE+5g2ViSv/Ex1GbBLOE="},"chainType":2,"messageKeys":{}},"BfPUEPl8RFwiMCK24kg2YPZRRZ6ihKl0myyqo5+juiYy":{"chainKey":{"counter":4,"key":"sWXbAmUh8Uibwf6wpjgPJeONApp47aAEAlccexYKfc0="},"chainType":1,"messageKeys":{}}}}},"version":"v1"}