{"_sessions":{"BSJFHzs79KYakVeakBEtx0F68Nh8O+8ogQtyGoFlcksU":{"registrationId":277321999,"currentRatchet":{"ephemeralKeyPair":{"pubKey":"Bb4v6R4hEk2pjlAVjWbCI7EqaDQHSTWaxSASeVxbvIVS","privKey":"kL+Q3hRjZpCat/r5ed7zMWOmD5WrTvpYR/3Ydp2gCV8="},"lastRemoteEphemeralKey":"BYSvXCTKOwaZI10+O/xjDsgzv06tUEXxBGWY/wlf5MUP","previousCounter":0,"rootKey":"EjybPTPkLQIRs8sYz2ZqHjcsCMD/aiM+SW2qF4eL0yk="},"indexInfo":{"baseKey":"BSJFHzs79KYakVeakBEtx0F68Nh8O+8ogQtyGoFlcksU","baseKeyType":1,"closed":-1,"used":1702095193406,"created":1702095193406,"remoteIdentityKey":"BTrR9VuHgqdiVI/YLqzQ4irr1lGSN959HJ6pQazr0LcC"},"_chains":{"Bb4v6R4hEk2pjlAVjWbCI7EqaDQHSTWaxSASeVxbvIVS":{"chainKey":{"counter":1,"key":"/JbYr4ovPdrOv1uCdogZr6CiqGjM1Syos1kOqZt6Tu8="},"chainType":1,"messageKeys":{}}},"pendingPreKey":{"signedKeyId":0,"baseKey":"BSJFHzs79KYakVeakBEtx0F68Nh8O+8ogQtyGoFlcksU"}}},"version":"v1"}