{"_sessions":{"BU0jZRIHIt1utoREc1swXzNiGXcpARgIX8PTIkoWz8p/":{"registrationId":552918894,"currentRatchet":{"ephemeralKeyPair":{"pubKey":"BfA43lx4LVlHoq5Ye7MVYadgzdDAz8tDRQglINQhSKIk","privKey":"QGNQXxW7x9hM7UR3qolOhfsvP06XIz0R3jjF6mbSR0k="},"lastRemoteEphemeralKey":"BRhXPdbd+22YrkzwLLE7DmhWO3kNvPmsaBcljfGZZ/ZC","previousCounter":0,"rootKey":"3JjKVMHYnTMQjw4YNZ3DyI6N1zgjFd6GXIgad1tba5g="},"indexInfo":{"baseKey":"BU0jZRIHIt1utoREc1swXzNiGXcpARgIX8PTIkoWz8p/","baseKeyType":1,"closed":-1,"used":1702095193456,"created":1702095193456,"remoteIdentityKey":"Bailv8Cc+u/0bNil+Fc1YFl/w5pUlkPNNBFPWul9XfBZ"},"_chains":{"BfA43lx4LVlHoq5Ye7MVYadgzdDAz8tDRQglINQhSKIk":{"chainKey":{"counter":15,"key":"HoZMgV8RpQCFm0HbI8Xa6t+gshFMcfPDR6Twt1aA0jc="},"chainType":1,"messageKeys":{}}},"pendingPreKey":{"signedKeyId":3,"baseKey":"BU0jZRIHIt1utoREc1swXzNiGXcpARgIX8PTIkoWz8p/"}}},"version":"v1"}