{"_sessions":{"BSVuIRmUMjO+wPFRtL/dRHDMcopkq/uKVXqbHzax6d9r":{"registrationId":1275017711,"currentRatchet":{"ephemeralKeyPair":{"pubKey":"BSzU4kHZR3fnFjEBYf1c3l8hQP1UsO0kG2rXLDSGqL5N","privKey":"eDHuPjO6C7t52J4VqChcLpqw5ZJC7Zng/v1Mi65pR1I="},"lastRemoteEphemeralKey":"BaBJTEAR3ADQvbHv+EJl+voOSz0XUBY9pRLg/Usetj8+","previousCounter":1,"rootKey":"xAONEPaCxmKcMh2ZBQlpDqN0ymni0TEiLKGFcbFB60s="},"indexInfo":{"baseKey":"BSVuIRmUMjO+wPFRtL/dRHDMcopkq/uKVXqbHzax6d9r","baseKeyType":1,"closed":-1,"used":1702965868271,"created":1702095193338,"remoteIdentityKey":"BWv772G1ZLAQ/2JSc+QLNlWplzFUAg8xhDeAPawOM58X"},"_chains":{"BT2+/bOL4H0xEo4QAISkY6VQxoQ+xit9EtdkZjRKnJpa":{"chainKey":{"counter":1},"chainType":2,"messageKeys":{}},"BZ5sB+k1bYtVZvGdjOhZLNWZxBGNC/mOhmjHQBE0Zmg/":{"chainKey":{"counter":0},"chainType":2,"messageKeys":{}},"BXzO3+F3NFbv4tPbM7jdyf4OhBmXAJXvZzXDAwZDxCMs":{"chainKey":{"counter":5},"chainType":2,"messageKeys":{}},"Bfu6J5M2/3OAdpJR1y/wexGP08zITnvkqBRez5YPw9ME":{"chainKey":{"counter":1},"chainType":2,"messageKeys":{}},"Bb0sie3DjII5XcDOc5lecFBWBAeV9ARv386/UjnzvRZy":{"chainKey":{"counter":0},"chainType":2,"messageKeys":{}},"BQt8Pfzi6TtSuUWhVBVVbIXOHaUioMe7bayzQWnfWCBC":{"chainKey":{"counter":0},"chainType":2,"messageKeys":{}},"BWBSV+lzGEDhxShsNpIzxu7u/PxGo4goeEvM2L2HFtAs":{"chainKey":{"counter":2},"chainType":2,"messageKeys":{}},"BcouTFnLwU2hYWk2Ppu2Z6KSmJDeMEa3/oHErbXCwMZ+":{"chainKey":{"counter":0},"chainType":2,"messageKeys":{}},"BQ0RoZR1y50/jHo56WNs9k+nWGwEG7jNshumM8Un26QY":{"chainKey":{"counter":0},"chainType":2,"messageKeys":{}},"BZ4uT7EhLlEQiAKt8UJ7I8PIlCsgNN0ZFJREGyXbmZ4F":{"chainKey":{"counter":0},"chainType":2,"messageKeys":{}},"BdJfN2rgaRSNyReJJqw9Y9lNLgG1Fk6xV+PGPHagNP4n":{"chainKey":{"counter":0},"chainType":2,"messageKeys":{}},"BRFY1xgZaP0bKQFOPLYUc4+rmtsljZZ2DDw2AwNJSjcS":{"chainKey":{"counter":0},"chainType":2,"messageKeys":{}},"BeB42ELTumKl5nfOd21pOwPlRZ3NBHphejh3x14sVJk0":{"chainKey":{"counter":0},"chainType":2,"messageKeys":{}},"BSHuWJEbyZET+mPX6Y3xYocXgWSDT1FiZo0SCIkvB7wc":{"chainKey":{"counter":0},"chainType":2,"messageKeys":{}},"BVRSI/f1l3KhcnrNWrKsJMew4VTqtg62fySo1cUILoM2":{"chainKey":{"counter":0},"chainType":2,"messageKeys":{}},"BQ7z8sgh8e5ns3qt0J+YifHZBvxdb5KIg9OlxHuFs5kL":{"chainKey":{"counter":0},"chainType":2,"messageKeys":{}},"BceupGvAo3wpuTSsbQbfROf/8GrS9OAyfyZQHQtNNVlm":{"chainKey":{"counter":0},"chainType":2,"messageKeys":{}},"BR8/J4nlUI0kksFYBSvimjIM7UfnN6qWzECHmzAew5YV":{"chainKey":{"counter":0},"chainType":2,"messageKeys":{}},"Bd8qWb0zwFq2LvlQLjffTpmmSGO2dcBPviZQ0G/sk6YB":{"chainKey":{"counter":0},"chainType":2,"messageKeys":{}},"BcB7lQxVoFc9Cae8IkT/QNK5YpsCwIOu2ASQkEHg+opt":{"chainKey":{"counter":0},"chainType":2,"messageKeys":{}},"Be5moaBe6+tiGTd+TWVbUXwPYxZRQbFrC3tyvS6fqVEH":{"chainKey":{"counter":0},"chainType":2,"messageKeys":{}},"BV1bU3TDoKrFVRVpYhABikEg8lP7DrswKlRYv9/Ny7kE":{"chainKey":{"counter":0},"chainType":2,"messageKeys":{}},"BdNfkL5msVxTJUN2xv5i2WZui8ya+4amjG5ayqDWihop":{"chainKey":{"counter":0},"chainType":2,"messageKeys":{}},"BXwLWrPJgycCYojyC6Ry39qLnFAXj619hbeGJ50uOXBA":{"chainKey":{"counter":0},"chainType":2,"messageKeys":{}},"BY5b96pVTU4+YXdrPcj/cxLmE/MGkBFk90P2lb9oKcYA":{"chainKey":{"counter":0},"chainType":2,"messageKeys":{}},"BTcGpdklz/wuGaeo1Dsb0kMMgKegFj9lYtDdARcyiUw2":{"chainKey":{"counter":0},"chainType":2,"messageKeys":{}},"BTfIymD3HjyhlzdpZ736NH/K6MhOfajeUXHk3R1kjNwq":{"chainKey":{"counter":0},"chainType":2,"messageKeys":{}},"BWYyPU+CW6jjJOxUa2+YHU4g5IcWELVt8AZ45xf5lP1s":{"chainKey":{"counter":1},"chainType":2,"messageKeys":{}},"BaBJTEAR3ADQvbHv+EJl+voOSz0XUBY9pRLg/Usetj8+":{"chainKey":{"counter":1,"key":"lSAL3WtNLnA0ZTESl1nGo1Fghnm3zWKAZ0c95Fa58uc="},"chainType":2,"messageKeys":{}},"BSzU4kHZR3fnFjEBYf1c3l8hQP1UsO0kG2rXLDSGqL5N":{"chainKey":{"counter":-1,"key":"cLpXyzqj2BpBaWGmIqzSJnkH/kZHcjr73FF0Zft5pAc="},"chainType":1,"messageKeys":{}}}}},"version":"v1"}