{"_sessions":{"BYCh8PUPscUNnpAjMXb5dEZjzme8dorJDK/j2uHU2iwT":{"registrationId":132380127,"currentRatchet":{"ephemeralKeyPair":{"pubKey":"BSk8f+ZachtODsv5wybyhb9A4urt9mm/nkwwqipZRutP","privKey":"GJbX3LCVOmrOqQX3AzQXxlseoRwZyE4ktcRn3bGKQ3E="},"lastRemoteEphemeralKey":"Bbaq/pbU2ZDjVdMFiAugjbbvWwg/aRJizkW/39WQ/hZx","previousCounter":0,"rootKey":"/W7sqycU6TdcJRo11hmPEUlMU8Ik1BgbSn65GWvJsWU="},"indexInfo":{"baseKey":"BYCh8PUPscUNnpAjMXb5dEZjzme8dorJDK/j2uHU2iwT","baseKeyType":1,"closed":-1,"used":1702807175297,"created":1702095193367,"remoteIdentityKey":"BS0lAjULRWV1TyHi/5ISnf6mPg1AmG2b+k9Vm35DLNFk"},"_chains":{"BSxfDhzv4btoLpZQUyqna9wtvHo+Alvpsg6qXJec91UV":{"chainKey":{"counter":0},"chainType":2,"messageKeys":{}},"Bbaq/pbU2ZDjVdMFiAugjbbvWwg/aRJizkW/39WQ/hZx":{"chainKey":{"counter":2,"key":"kI1S17oxCUmk+inij80iA7gElWxscUeHTPZOIxLb9yk="},"chainType":2,"messageKeys":{}},"BSk8f+ZachtODsv5wybyhb9A4urt9mm/nkwwqipZRutP":{"chainKey":{"counter":3,"key":"LWfAgtlY5JCkT+ya4NbdEW5kcX98i1lBdFmI9anrsEI="},"chainType":1,"messageKeys":{}}}}},"version":"v1"}