{"_sessions":{"BYaOkGElZRwftEYcmf1E7uWYulyFWQvYBr7yyFc88U8/":{"registrationId":1631540747,"currentRatchet":{"ephemeralKeyPair":{"pubKey":"BX0JcUUoZcT4OVGxaX5tgY4wvMRKrRLij5s5lRGZeKgD","privKey":"oABfSvAYMxwrR/YWLaFIJlEtspzN4AVIHFpGZbQzPVg="},"lastRemoteEphemeralKey":"BTMw0mRXk5862lVt0b0hkLorFtLd4aJxc/p52YX8WARf","previousCounter":0,"rootKey":"nMg8cBQXwnoszBZmNelzHQRQDoF1KRPneiiti07jftk="},"indexInfo":{"baseKey":"BYaOkGElZRwftEYcmf1E7uWYulyFWQvYBr7yyFc88U8/","baseKeyType":1,"closed":-1,"used":1702095193624,"created":1702095193624,"remoteIdentityKey":"BdGBtGYLmeCZqmJRW1/Zo5f2ON4jVDX7oWq+9opAIIZw"},"_chains":{"BX0JcUUoZcT4OVGxaX5tgY4wvMRKrRLij5s5lRGZeKgD":{"chainKey":{"counter":15,"key":"vUgqnJ2mO5o7TtOAxj8tUbgk/BYIh6BNPQQi/hlzujA="},"chainType":1,"messageKeys":{}}},"pendingPreKey":{"signedKeyId":6,"baseKey":"BYaOkGElZRwftEYcmf1E7uWYulyFWQvYBr7yyFc88U8/","preKeyId":10997004}}},"version":"v1"}