{"_sessions":{"Ba9Ffe8yUhgR55QiIVx/wyjczpMF2krMGK+A/+hOzrRa":{"registrationId":682519571,"currentRatchet":{"ephemeralKeyPair":{"pubKey":"BfMQVb+p6/w9tJck8ogS4/+USU8riPdgNCWjSX5tLZkH","privKey":"SBBwSPjk9N96hTuzHzA/Je+WeB0zFwB4TaC8d6mv90A="},"lastRemoteEphemeralKey":"BRGSuXKzU+fx2PaefuaqfetzcZ6qbMfbm6wGmbfuXTYm","previousCounter":0,"rootKey":"alr1Ghw/FTJNVy5JoPiVjQ74K9ZYxETrQ8luqqMrRKo="},"indexInfo":{"baseKey":"Ba9Ffe8yUhgR55QiIVx/wyjczpMF2krMGK+A/+hOzrRa","baseKeyType":1,"closed":-1,"used":1702254183130,"created":1702254183130,"remoteIdentityKey":"BWGMbd/lBL+yaXs1b8+cHGB6Cgsud6tcBqIcyJEeBO0n"},"_chains":{"BfMQVb+p6/w9tJck8ogS4/+USU8riPdgNCWjSX5tLZkH":{"chainKey":{"counter":0,"key":"StvaUMLyOd4mH2I/pzMJxc0qm0faauQJnp6RpI5aH5c="},"chainType":1,"messageKeys":{}}},"pendingPreKey":{"signedKeyId":1,"baseKey":"Ba9Ffe8yUhgR55QiIVx/wyjczpMF2krMGK+A/+hOzrRa"}}},"version":"v1"}