{"_sessions":{"BeXEFuZ+FFeRM+BPHGuVziu2T1JcE2UvZ7hBGcTLUAMB":{"registrationId":289199483,"currentRatchet":{"ephemeralKeyPair":{"pubKey":"BaywniH8H1zO8v4+CbGg86Kiu7grbDWNAE/TUQJfVYlr","privKey":"6FkCpuuTjsbso8w92nQU/pprUknZwfbADVtAPEkqqUs="},"lastRemoteEphemeralKey":"BRatYNXM1ehVbabvOFqZeljs9jm6ejCyLe8cCz55jW1c","previousCounter":0,"rootKey":"9wVXGWMTdeaiHUnNrrzxrte/lV0iomxYQwXawyuPyYI="},"indexInfo":{"baseKey":"BeXEFuZ+FFeRM+BPHGuVziu2T1JcE2UvZ7hBGcTLUAMB","baseKeyType":1,"closed":-1,"used":1702095193310,"created":1702095193310,"remoteIdentityKey":"BbaLrrPCjOc3Yxiu4qO8ErrA7mPjzBLbdgmX0lWOdlQO"},"_chains":{"BaywniH8H1zO8v4+CbGg86Kiu7grbDWNAE/TUQJfVYlr":{"chainKey":{"counter":10,"key":"2wDnn3qfn8+5sjRdjjjXu52JeNbjacVkE7ohqDGPRJE="},"chainType":1,"messageKeys":{}}},"pendingPreKey":{"signedKeyId":0,"baseKey":"BeXEFuZ+FFeRM+BPHGuVziu2T1JcE2UvZ7hBGcTLUAMB"}}},"version":"v1"}