{"_sessions":{"BUvy264Kv48LDWtZydqoqnfXAX6kikdKkgrUQEqPCjlU":{"registrationId":10832,"currentRatchet":{"ephemeralKeyPair":{"pubKey":"BZYPzZQEl6nhSukgXIso3GiCp7/Vijka6SZf8+bMkV9V","privKey":"0Dh79+Z9stJ2wpFBY5ZH1JF9JHrydAcZ3lhHmDkpxHQ="},"lastRemoteEphemeralKey":"BatZlCj8YgNA4KwkjDbEGnjNMwAYEfndvx7qOBUxk29K","previousCounter":0,"rootKey":"nDsnnK7KqBqPD84z2i+B8W4o5CZDDWFiOKemXInr1/U="},"indexInfo":{"baseKey":"BUvy264Kv48LDWtZydqoqnfXAX6kikdKkgrUQEqPCjlU","baseKeyType":1,"closed":-1,"used":1702095193083,"created":1702095193083,"remoteIdentityKey":"Bej4ubzGMONQW873ST4LXEKqvvWiZxjm+qHfO00kf58E"},"_chains":{"BZYPzZQEl6nhSukgXIso3GiCp7/Vijka6SZf8+bMkV9V":{"chainKey":{"counter":10,"key":"jTbflmpHwboArbYDdMkUGbkOWEXzeRu9/0rm3Y3UCWo="},"chainType":1,"messageKeys":{}}},"pendingPreKey":{"signedKeyId":1,"baseKey":"BUvy264Kv48LDWtZydqoqnfXAX6kikdKkgrUQEqPCjlU"}}},"version":"v1"}