{"_sessions":{"BTM46LXt9AKJRhzYftxkJgLSjG8crzbPj9Dr5ROnT0Ej":{"registrationId":494022553,"currentRatchet":{"ephemeralKeyPair":{"pubKey":"BQmaqEPd6tLqHjyGpOdYiIVWTsrgdnGjq+ddxKKXO+Br","privKey":"mOoMkikhM4UFZxxhJAdyFgnrRQBRHm2KQ7ANDTfrT3w="},"lastRemoteEphemeralKey":"BWJHp161ZZ5m+NvNB5fCkNtTTwIR3N2SXMugJEs/S8oV","previousCounter":0,"rootKey":"JEcNHMoFPUytfQPyAUVx37iXCb0zekNbwH/z0LgUgK0="},"indexInfo":{"baseKey":"BTM46LXt9AKJRhzYftxkJgLSjG8crzbPj9Dr5ROnT0Ej","baseKeyType":1,"closed":-1,"used":1702095193586,"created":1702095193586,"remoteIdentityKey":"BQkfEHwz9mKFQcR8BcnIDeJBeSOnCj2uQ1n34FJtzjNf"},"_chains":{"BQmaqEPd6tLqHjyGpOdYiIVWTsrgdnGjq+ddxKKXO+Br":{"chainKey":{"counter":15,"key":"RH5igpZaq1o+vA/zcLczECA07WbU4/8BdBcRHRUcyhs="},"chainType":1,"messageKeys":{}}},"pendingPreKey":{"signedKeyId":11,"baseKey":"BTM46LXt9AKJRhzYftxkJgLSjG8crzbPj9Dr5ROnT0Ej","preKeyId":2678129}}},"version":"v1"}