{"_sessions":{"BY12cXHhoc8ES3mrzsFl66lvu2ZWBCT1wf1bBelDCowP":{"registrationId":2075,"currentRatchet":{"ephemeralKeyPair":{"pubKey":"Baaj7rvO5ecYO+JKtlmYXPYIWeMyINxzz39TTSuYK1pZ","privKey":"KBferoRs/dbIIISRc6bIOZ0oWFHlnfr0JZblSIanOH4="},"lastRemoteEphemeralKey":"BRxnluunqlZwkW0VInZR+LOSiNuBvVJrWyKvF/WZQHkI","previousCounter":0,"rootKey":"sV5xo1uF0cwYWzUZuBvblMnOjbtROHzuUoFt1O1utEc="},"indexInfo":{"baseKey":"BY12cXHhoc8ES3mrzsFl66lvu2ZWBCT1wf1bBelDCowP","baseKeyType":1,"closed":-1,"used":1702290982565,"created":1702290982565,"remoteIdentityKey":"BU1rsC6O/f9wjNgvsNG0Ie7dHu9Uhivm9ew+Ddx24D0w"},"_chains":{"Baaj7rvO5ecYO+JKtlmYXPYIWeMyINxzz39TTSuYK1pZ":{"chainKey":{"counter":0,"key":"sC+XW+R93JJ4mbX2mAiQ5pDMYorOeP/Yyy6y+ttLYsk="},"chainType":1,"messageKeys":{}}},"pendingPreKey":{"signedKeyId":1,"baseKey":"BY12cXHhoc8ES3mrzsFl66lvu2ZWBCT1wf1bBelDCowP","preKeyId":145}}},"version":"v1"}