{"_sessions":{"BSXF57xk4E6ROUdtdSx93FLMPbAVy6ugYK7jDVgr5bxW":{"registrationId":1494193304,"currentRatchet":{"ephemeralKeyPair":{"pubKey":"BZXFFGUWA8pF862cOOiGFFhliAfGOjQJbmqjRbRUZGY7","privKey":"EGSbsoxcJuKRAijz+dM0AdOhQS1BRrmL8Z9aBRM860o="},"lastRemoteEphemeralKey":"BZthJTSKuySQ/Aq0RC40np5Kj34LvynM0MZQT0ZoKjxb","previousCounter":10,"rootKey":"eLDq/f8x9OG/MU+MIKCiE5+Qjb+kRNiny5Wmuzim1Ng="},"indexInfo":{"baseKey":"BSXF57xk4E6ROUdtdSx93FLMPbAVy6ugYK7jDVgr5bxW","baseKeyType":1,"closed":-1,"used":1702479681490,"created":1702095193712,"remoteIdentityKey":"BXmZWYWRKAD9I37ecxrRDRE2JHb7nzskGBgMiUi/cI1N"},"_chains":{"BZthJTSKuySQ/Aq0RC40np5Kj34LvynM0MZQT0ZoKjxb":{"chainKey":{"counter":0,"key":"ryhUsVzX0ebXjy+B3HtqEfWTEGZFEDwu81sRgv6JetY="},"chainType":2,"messageKeys":{}},"BZXFFGUWA8pF862cOOiGFFhliAfGOjQJbmqjRbRUZGY7":{"chainKey":{"counter":4,"key":"XxApenxINqOabxuBK54DqyWJSlo1y921J/d0gIgLZSY="},"chainType":1,"messageKeys":{}}}}},"version":"v1"}