{"_sessions":{"Bbop9F77nidmmHOU+3oxvNvOnDrhYJNMY94hW/Isf9xK":{"registrationId":3101,"currentRatchet":{"ephemeralKeyPair":{"pubKey":"BTjHsGeixPVk/Ihqm8fn5VKnawCyYGCx9YXHH7izCVEw","privKey":"4F7c5foxH2zG2JQMAlhSeJ9JAAB0cM36h2JjlGAh+2o="},"lastRemoteEphemeralKey":"Bfi3lIUzbDV2jwwld6+U95jd9Mbi2JvHUg+PVoYJhIog","previousCounter":0,"rootKey":"W1+uL17SI1QjLZf8nhOXUkZFQcbsSn/0UhsgIlGGZsI="},"indexInfo":{"baseKey":"Bbop9F77nidmmHOU+3oxvNvOnDrhYJNMY94hW/Isf9xK","baseKeyType":1,"closed":-1,"used":1702549897581,"created":1702549897579,"remoteIdentityKey":"BXlftN+NGx3iIvLLQg/rqD1tWqKENlgD8Gb2DzGM18F4"},"_chains":{"BTjHsGeixPVk/Ihqm8fn5VKnawCyYGCx9YXHH7izCVEw":{"chainKey":{"counter":5,"key":"uGXRyNh7J9NZg35iOO4xiHrT3rCIBD8Yq6VCxGzMO6E="},"chainType":1,"messageKeys":{}}},"pendingPreKey":{"signedKeyId":1,"baseKey":"Bbop9F77nidmmHOU+3oxvNvOnDrhYJNMY94hW/Isf9xK","preKeyId":79}}},"version":"v1"}