{"_sessions":{"BYQYcvPF1BLnWOC0PplIYif89Fhkt9knvflZJdL1dSoE":{"registrationId":587673562,"currentRatchet":{"ephemeralKeyPair":{"pubKey":"BQVGXbbYjeaEVp2TL811UWKRGhuaADpDNd9WsMMmCsNh","privKey":"gDiE0qoi7507428vQn3pOeJDhiWwMahOe766+SIF5WY="},"lastRemoteEphemeralKey":"Bdgf+rmFp3LafXBJPFNRuFnOJXoR9vof6FuQv+PPs4F6","previousCounter":0,"rootKey":"rdqKKr+hs3YJ3vwlxw55Vwuw9kL8UtGW/asZQBxWGNk="},"indexInfo":{"baseKey":"BYQYcvPF1BLnWOC0PplIYif89Fhkt9knvflZJdL1dSoE","baseKeyType":2,"closed":1702976435371,"used":1702976434149,"created":1702976434149,"remoteIdentityKey":"BdI5A0Yavi6uCuC73AxXIAHcmGTz3w4zLuvIunMlgW9e"},"_chains":{"Bdgf+rmFp3LafXBJPFNRuFnOJXoR9vof6FuQv+PPs4F6":{"chainKey":{"counter":8,"key":"70XOo71Fg4pX/fx2TH7WvZ0mTtlQlgMCvwS37EZ5szY="},"chainType":2,"messageKeys":{"0":"C5iaPOvUWrZPbWnFiPZYSBysxChgZP4p2WTQ4ydd7Nc=","2":"8LRr03hPkSbItHzRSYR851nY2ScymDjeZiJbySXtK/Q=","3":"6rEaW/LpF/4piGmUHwys6TTTEhy51a5X8ga0qRpQQIo=","5":"OuYuZoy6DWo/diqlf/0jhtsci+D0XJKUGsqXTM6KOkQ=","6":"2V7loTMrQT48h6zP5qfByVfa5hRzcJD0cb0iMU+2R/I="}},"BQVGXbbYjeaEVp2TL811UWKRGhuaADpDNd9WsMMmCsNh":{"chainKey":{"counter":-1,"key":"4fDIaS63qfzflV2f3EDDGgozuCVbwz93fXWq+iOX47c="},"chainType":1,"messageKeys":{}}}},"BTwyR3sqkpjg3Bk//X+Sp/Lgr6WrBIDNbw0Q1yVLtl0L":{"registrationId":587673562,"currentRatchet":{"ephemeralKeyPair":{"pubKey":"BS6Y7dgDmxzFsFjbjGZC/DgUA7O9XzZUwRJL7H9zgntY","privKey":"INfmMkqBcwOLdgQtzbha6y94/7xUPYPG1EuVBuYo9kg="},"lastRemoteEphemeralKey":"Bb2VgbaKFwcjrpatmhrloa91g4PbDvLzaSpjCpRTv3Jd","previousCounter":0,"rootKey":"5A6pWRG7aYl+cKzoTTv8eva6QLKJtdt0eKAF45AFN3g="},"indexInfo":{"baseKey":"BTwyR3sqkpjg3Bk//X+Sp/Lgr6WrBIDNbw0Q1yVLtl0L","baseKeyType":2,"closed":1702976435565,"used":1702976435375,"created":1702976435375,"remoteIdentityKey":"BdI5A0Yavi6uCuC73AxXIAHcmGTz3w4zLuvIunMlgW9e"},"_chains":{"Bb2VgbaKFwcjrpatmhrloa91g4PbDvLzaSpjCpRTv3Jd":{"chainKey":{"counter":0,"key":"fEPPj0ng+DhhZMIqkuBLHKNnS7eUWtEw+xGrXBePJuE="},"chainType":2,"messageKeys":{}},"BS6Y7dgDmxzFsFjbjGZC/DgUA7O9XzZUwRJL7H9zgntY":{"chainKey":{"counter":-1,"key":"+Hel/kxadgENrmCyHXb+CkDCbq92cuhAhzgq42XMRLM="},"chainType":1,"messageKeys":{}}}},"BYp9Qyl9kDt/9/32RRhm7dzCOckQYFO4nx2J4OVvu1Fn":{"registrationId":587673562,"currentRatchet":{"ephemeralKeyPair":{"pubKey":"BeSC8DRa2iMyAUaJjprVcAdAch5BeYkZLDrHcY36dJBh","privKey":"2FvNmjrS6MpWjuymk2ETbGeJpp2PPzqI3sXN66lh1Vs="},"lastRemoteEphemeralKey":"BcB3xlE6oCI12y1NBJsuEByFtcd6IOvJCk5g0TEHVWtL","previousCounter":0,"rootKey":"K8FQHnMNukb7MQLhm2CKAq6CLu4hkzBpLudf4tRbumE="},"indexInfo":{"baseKey":"BYp9Qyl9kDt/9/32RRhm7dzCOckQYFO4nx2J4OVvu1Fn","baseKeyType":2,"closed":1702976436339,"used":1702976435638,"created":1702976435638,"remoteIdentityKey":"BdI5A0Yavi6uCuC73AxXIAHcmGTz3w4zLuvIunMlgW9e"},"_chains":{"BcB3xlE6oCI12y1NBJsuEByFtcd6IOvJCk5g0TEHVWtL":{"chainKey":{"counter":0,"key":"7WOpZBESgJrwMZwlYM0kweuR9d3jnVEiSToOiN4unmw="},"chainType":2,"messageKeys":{}},"BeSC8DRa2iMyAUaJjprVcAdAch5BeYkZLDrHcY36dJBh":{"chainKey":{"counter":-1,"key":"L/Kn9nDkfgvSQZxpXO1PIVgFBhyBKk1ybY4eXUt0Yro="},"chainType":1,"messageKeys":{}}}},"BRm7rVhiCm4JC1ZAFuYRfytQgTnVT1NhUtPt62OI8RAy":{"registrationId":587673562,"currentRatchet":{"ephemeralKeyPair":{"pubKey":"BfOSpXr/BcO8+nbxjd8ERF7Oi0Ubzeha0LL519BIedwX","privKey":"cIZ/1JE1/5RApkIBFPRzK3LUZI6wg/oOdQNfS+GmMHw="},"lastRemoteEphemeralKey":"BX5rNZH8DC5FicZI6/iQDaA9WN+JgnEy5BjMRd3ZF+F+","previousCounter":0,"rootKey":"ICHuOmS7V0afM1+X4LXGj2qMZhBXE4l5HT5XLMvbRy4="},"indexInfo":{"baseKey":"BRm7rVhiCm4JC1ZAFuYRfytQgTnVT1NhUtPt62OI8RAy","baseKeyType":2,"closed":1702976436784,"used":1702976436362,"created":1702976436362,"remoteIdentityKey":"BdI5A0Yavi6uCuC73AxXIAHcmGTz3w4zLuvIunMlgW9e"},"_chains":{"BX5rNZH8DC5FicZI6/iQDaA9WN+JgnEy5BjMRd3ZF+F+":{"chainKey":{"counter":0,"key":"goH84hn1U4vaR9uDq4pglJ3/6wBL7XJYLy3LOY4pSvc="},"chainType":2,"messageKeys":{}},"BfOSpXr/BcO8+nbxjd8ERF7Oi0Ubzeha0LL519BIedwX":{"chainKey":{"counter":-1,"key":"7G5Nqgt3N+pNfd7xKzdnz0eld04R8/7qtTaQeksEbOk="},"chainType":1,"messageKeys":{}}}},"Bf2AHjJu1LW2TOMohlrzj7OW3t3borJOcaVrgpxGBkx2":{"registrationId":587673562,"currentRatchet":{"ephemeralKeyPair":{"pubKey":"Bb1mMQnZCi2suOqmQxEyExkIT7/FQxS63eQqYGMpCm5p","privKey":"YMDKYD6jY8wOaO1uc/0kOJCLY3M0aQE5NNz/OpZxlWU="},"lastRemoteEphemeralKey":"BaK2e9R8KOdT6eOu6s41rxe4IWkHUJdUqtDJFbyjYeMH","previousCounter":0,"rootKey":"og1Vs65wEXVWtRtLEXiN18dOIIUdS/Nl0yPcHb90eiM="},"indexInfo":{"baseKey":"Bf2AHjJu1LW2TOMohlrzj7OW3t3borJOcaVrgpxGBkx2","baseKeyType":2,"closed":-1,"used":1702976436840,"created":1702976436840,"remoteIdentityKey":"BdI5A0Yavi6uCuC73AxXIAHcmGTz3w4zLuvIunMlgW9e"},"_chains":{"BaK2e9R8KOdT6eOu6s41rxe4IWkHUJdUqtDJFbyjYeMH":{"chainKey":{"counter":1,"key":"T6DhCrB3c+ET7oJDHM6InI2bvOw13/wrMb+DKBCnK1Y="},"chainType":2,"messageKeys":{}},"Bb1mMQnZCi2suOqmQxEyExkIT7/FQxS63eQqYGMpCm5p":{"chainKey":{"counter":0,"key":"KhZas/JDNqtMa2gZ/2vxiPc0h08cAV6XIGh9wGbx63I="},"chainType":1,"messageKeys":{}}}}},"version":"v1"}