{"_sessions":{"BccIR1MZa7nVR2VYSzuIUJobCxpJ/tizYSMs0BpX3NVg":{"registrationId":102322113,"currentRatchet":{"ephemeralKeyPair":{"pubKey":"BQEXokVB9d8JbkDZQr6GOg2bGwVpu4BJAMgwg+yU9rJx","privKey":"eJYRApm0dq7PkLnrLvI9723a3HLFmQ/pq3dIgopLEVo="},"lastRemoteEphemeralKey":"BRQ5ovjFSlillZAa/9J2AhzavYCsHvdT4dAxtY0k3WdB","previousCounter":0,"rootKey":"5tx2cqbzQvppWeMaAfoAkEpl2dbX9atIx7sCfLNWd8I="},"indexInfo":{"baseKey":"BccIR1MZa7nVR2VYSzuIUJobCxpJ/tizYSMs0BpX3NVg","baseKeyType":1,"closed":1702117527260,"used":1702095193356,"created":1702095193356,"remoteIdentityKey":"BY0wvk/vo9xUNCyyrrg1uWjoGKjbLTE2DMJDemoln1UI"},"_chains":{"BQEXokVB9d8JbkDZQr6GOg2bGwVpu4BJAMgwg+yU9rJx":{"chainKey":{"counter":1,"key":"yQI/9UYeKXcZx3RculUY1HQJhoXDvOQ07CJRIL6QJRg="},"chainType":1,"messageKeys":{}}},"pendingPreKey":{"signedKeyId":0,"baseKey":"BccIR1MZa7nVR2VYSzuIUJobCxpJ/tizYSMs0BpX3NVg","preKeyId":14549738}},"BcC1A5cR6lt4G3iw0OKlMBr9EsNHRXb62wc6VCW4+SAp":{"registrationId":102322113,"currentRatchet":{"ephemeralKeyPair":{"pubKey":"BVs/0E4kHfAFybNJ00DSvFrs1hGVmWFB2hzwb8Cprk1b","privKey":"COC9nR5CmlzDmeRpL8o6HnBAc5vZps243f7px/OoJXY="},"lastRemoteEphemeralKey":"BRQ5ovjFSlillZAa/9J2AhzavYCsHvdT4dAxtY0k3WdB","previousCounter":0,"rootKey":"lczD2zyBCwrnoaxqg8m9o637KV2D9SB3i/rk1fmdErU="},"indexInfo":{"baseKey":"BcC1A5cR6lt4G3iw0OKlMBr9EsNHRXb62wc6VCW4+SAp","baseKeyType":1,"closed":1702117527410,"used":1702117526973,"created":1702117526973,"remoteIdentityKey":"BY0wvk/vo9xUNCyyrrg1uWjoGKjbLTE2DMJDemoln1UI"},"_chains":{"BVs/0E4kHfAFybNJ00DSvFrs1hGVmWFB2hzwb8Cprk1b":{"chainKey":{"counter":-1,"key":"yzZaKzhAZPRhuE4kKfsWzde3Guxq0oaVJG14lx2oJc8="},"chainType":1,"messageKeys":{}}},"pendingPreKey":{"signedKeyId":0,"baseKey":"BcC1A5cR6lt4G3iw0OKlMBr9EsNHRXb62wc6VCW4+SAp","preKeyId":14549623}},"BWeYUhulsYivJ0k75NYeUjxNijI4Vyt/fYzVpqY75Fgw":{"registrationId":102322113,"currentRatchet":{"ephemeralKeyPair":{"pubKey":"BZ5OuDYnLecKXgpLEAZadGsvxdUWLPDLo7Z2OpA9RSlM","privKey":"iEJN7U+tzEsLjaf2yEcw0/Y4KZ49YdvByxNHaeDGVU0="},"lastRemoteEphemeralKey":"BRQ5ovjFSlillZAa/9J2AhzavYCsHvdT4dAxtY0k3WdB","previousCounter":0,"rootKey":"vOAqqzJ/lsNelCFbJAmJ0ADGLmUiSGzYAHiY0Ogcy/A="},"indexInfo":{"baseKey":"BWeYUhulsYivJ0k75NYeUjxNijI4Vyt/fYzVpqY75Fgw","baseKeyType":1,"closed":1702117529450,"used":1702117527376,"created":1702117527376,"remoteIdentityKey":"BY0wvk/vo9xUNCyyrrg1uWjoGKjbLTE2DMJDemoln1UI"},"_chains":{"BZ5OuDYnLecKXgpLEAZadGsvxdUWLPDLo7Z2OpA9RSlM":{"chainKey":{"counter":-1,"key":"NPx8K28uObvaTO/R4Qpy8jtD4Y4uJscKBoamOyIs9CQ="},"chainType":1,"messageKeys":{}}},"pendingPreKey":{"signedKeyId":0,"baseKey":"BWeYUhulsYivJ0k75NYeUjxNijI4Vyt/fYzVpqY75Fgw","preKeyId":14549598}},"Bdg60HeB3HsVN2UqU5MySAQcEm0VjsSpoDgf6KS6q9oq":{"registrationId":102322113,"currentRatchet":{"ephemeralKeyPair":{"pubKey":"BZE3TUNQj3bmTUNCGTFKEaWthjSyUOAxy5DUzCN0Orx8","privKey":"GGng+7YVMeEwiaIbVEY5+UlaNSPuKy+c0Xlf0MWwl3k="},"lastRemoteEphemeralKey":"BRQ5ovjFSlillZAa/9J2AhzavYCsHvdT4dAxtY0k3WdB","previousCounter":0,"rootKey":"aEB21C9mTURcJnCUuR4dGHBtadQA5RrojZqGzMbXptw="},"indexInfo":{"baseKey":"Bdg60HeB3HsVN2UqU5MySAQcEm0VjsSpoDgf6KS6q9oq","baseKeyType":1,"closed":1702117529543,"used":1702117529437,"created":1702117529437,"remoteIdentityKey":"BY0wvk/vo9xUNCyyrrg1uWjoGKjbLTE2DMJDemoln1UI"},"_chains":{"BZE3TUNQj3bmTUNCGTFKEaWthjSyUOAxy5DUzCN0Orx8":{"chainKey":{"counter":-1,"key":"Qo0zowndv0VocWYPEv0h9y52EX+rXI7FtZCNYNBqmzc="},"chainType":1,"messageKeys":{}}},"pendingPreKey":{"signedKeyId":0,"baseKey":"Bdg60HeB3HsVN2UqU5MySAQcEm0VjsSpoDgf6KS6q9oq","preKeyId":14549762}},"BYxaeuqU8c9XirqXMu0rgrv87FOA+Z2PM/skrUlaFwZ9":{"registrationId":102322113,"currentRatchet":{"ephemeralKeyPair":{"pubKey":"Bbda7+j+nWYYqRnmfECGnp//kSjU1F11df6ab+F7Jply","privKey":"6FRHTZdL6d+IX2YvGy/ax5CDTNSAdvMIaYEkDj23Yls="},"lastRemoteEphemeralKey":"BRQ5ovjFSlillZAa/9J2AhzavYCsHvdT4dAxtY0k3WdB","previousCounter":0,"rootKey":"xzR5YF3/hCLkNsqqrqvu0USr794GDcSLtqisAACoumA="},"indexInfo":{"baseKey":"BYxaeuqU8c9XirqXMu0rgrv87FOA+Z2PM/skrUlaFwZ9","baseKeyType":1,"closed":-1,"used":1702117529538,"created":1702117529538,"remoteIdentityKey":"BY0wvk/vo9xUNCyyrrg1uWjoGKjbLTE2DMJDemoln1UI"},"_chains":{"Bbda7+j+nWYYqRnmfECGnp//kSjU1F11df6ab+F7Jply":{"chainKey":{"counter":13,"key":"Pm1282P9Zw2EvMFF4e4Oj6WQ3TPOxlQdgmhhDHBnk6c="},"chainType":1,"messageKeys":{}}},"pendingPreKey":{"signedKeyId":0,"baseKey":"BYxaeuqU8c9XirqXMu0rgrv87FOA+Z2PM/skrUlaFwZ9","preKeyId":14549267}}},"version":"v1"}