{"_sessions":{"BQ2wRqtHKyl9Kjl+QKb61zGRnEHrBhfM4GSMyXqVNnx8":{"registrationId":1956880097,"currentRatchet":{"ephemeralKeyPair":{"pubKey":"BdWTL9FpGS7CEIzMn7tG/xN+fQWvmtPAnGb245ihTphO","privKey":"4MSdmywij5cw6+fWZ9zb33Y74E6d0NMhhlul5Xh7oUM="},"lastRemoteEphemeralKey":"BdqOt4KZzh86JFz/+DAgJBI/5ashIHw/3i0OXRCmFrhx","previousCounter":0,"rootKey":"IvOTQoPSN6p0R7JWmlzd3HlW/6gmP7WQjepL6FMZJHI="},"indexInfo":{"baseKey":"BQ2wRqtHKyl9Kjl+QKb61zGRnEHrBhfM4GSMyXqVNnx8","baseKeyType":1,"closed":-1,"used":1702095193629,"created":1702095193629,"remoteIdentityKey":"BbtkG/bslvrnDnIhGdLSl35Ms00iTAQqETAz490rVZgZ"},"_chains":{"BdWTL9FpGS7CEIzMn7tG/xN+fQWvmtPAnGb245ihTphO":{"chainKey":{"counter":15,"key":"HjrfgxnjNkTJIb8k1N/nxJtZBhHUeDHBIZZlLyb+y9k="},"chainType":1,"messageKeys":{}}},"pendingPreKey":{"signedKeyId":8,"baseKey":"BQ2wRqtHKyl9Kjl+QKb61zGRnEHrBhfM4GSMyXqVNnx8","preKeyId":12380137}}},"version":"v1"}