{"_sessions":{"BWVV28iGLhc0YJ/HkcmZH6bjgCR6B+oW8souquUleapN":{"registrationId":775025969,"currentRatchet":{"ephemeralKeyPair":{"pubKey":"BVysx8O+hsvRWpaLZsC0Nrs7F7x2dWd4b3wvMjUUrkEh","privKey":"iM57TYW08yNsXRRvpxQoxfm2o78z3sy8H/cxLD0gMns="},"lastRemoteEphemeralKey":"BUW9zlILKVfWeqeqnCnjHUR4jj1zmU5bQl37VerJeot4","previousCounter":0,"rootKey":"/LJhr+K1f5MrV1Xk23v/2R2G8MmID6lmI5GxTxd/pbg="},"indexInfo":{"baseKey":"BWVV28iGLhc0YJ/HkcmZH6bjgCR6B+oW8souquUleapN","baseKeyType":1,"closed":-1,"used":1702095193484,"created":1702095193484,"remoteIdentityKey":"BbkMNb+gXd0CCjZJjQywgg6vYUzlWQpn9JrGl1RgWhNK"},"_chains":{"BVysx8O+hsvRWpaLZsC0Nrs7F7x2dWd4b3wvMjUUrkEh":{"chainKey":{"counter":15,"key":"dcWlwRUxiOENOeq6UvygySxbOWeb+L/feFyc1RAIUOI="},"chainType":1,"messageKeys":{}}},"pendingPreKey":{"signedKeyId":19,"baseKey":"BWVV28iGLhc0YJ/HkcmZH6bjgCR6B+oW8souquUleapN","preKeyId":8043694}}},"version":"v1"}