{"_sessions":{"BX9KnFWR33ZgSWcXRY/SjeA1db1RmiktjcZjg8pe/5xN":{"registrationId":1095992048,"currentRatchet":{"ephemeralKeyPair":{"pubKey":"BfkIXubz2CMHuATYvxc3oJcDQ5+dXpICdEX0erZIgWAf","privKey":"sMPkWcyUua8Q1qaIsEY1+9x5dgHJEd0X0GA4cWQPJFo="},"lastRemoteEphemeralKey":"BUhGnTG2oS8+5yXD7DMM2hypEuu1T1TqWN8XJIW9G651","previousCounter":0,"rootKey":"vu5WH6jOX/mSaKRBK33HQirHggMJlPn9NnpDP5qVmmA="},"indexInfo":{"baseKey":"BX9KnFWR33ZgSWcXRY/SjeA1db1RmiktjcZjg8pe/5xN","baseKeyType":1,"closed":1702602233799,"used":1702421723417,"created":1702095193551,"remoteIdentityKey":"BSz6Qi5JLhpv4gRp6wSJV6kqJ7qnAPfA2tdveIZ0G/w9"},"_chains":{"BeYQE61mUXVGqI09VPBXJgJQP+O0Z+swRhAjMRqFOLUB":{"chainKey":{"counter":0},"chainType":2,"messageKeys":{}},"BYNQne0V2Ryf1D+NEpQ9dpVKFRTRpuMW+gbrDy5qM9kP":{"chainKey":{"counter":0},"chainType":2,"messageKeys":{}},"BUhGnTG2oS8+5yXD7DMM2hypEuu1T1TqWN8XJIW9G651":{"chainKey":{"counter":0,"key":"ipXxFDQ2QxuDUeIrefvtqZZuarebLpYLdJgaMKDDTAQ="},"chainType":2,"messageKeys":{}},"BfkIXubz2CMHuATYvxc3oJcDQ5+dXpICdEX0erZIgWAf":{"chainKey":{"counter":-1,"key":"axTlzxzomm3XCla/2CQneyB0yI2eIiWXDvWOolOEzpI="},"chainType":1,"messageKeys":{}}}},"BchSlvITT5Zxm2tc/FvsfR+HA6vwB6th20Apgi93w8wz":{"registrationId":1549063344,"currentRatchet":{"ephemeralKeyPair":{"pubKey":"BQCvwyISTTk7m5zZrnv21ndzGSaZTG/YiuM2CtSCS95F","privKey":"qBYBwIoFKjbv8Ous8Rk8WfJebOjjfMvj+UpvltTxb2s="},"lastRemoteEphemeralKey":"BX81kqES7J9WGKJkukyb0KBeIKS4KulegiJcce4nN+E3","previousCounter":0,"rootKey":"sFaMTqka3hjeAR6xa0lOAiu1XonPcrQMrIveVJhSBS8="},"indexInfo":{"baseKey":"BchSlvITT5Zxm2tc/FvsfR+HA6vwB6th20Apgi93w8wz","baseKeyType":1,"closed":1702602233917,"used":1702602233777,"created":1702602233777,"remoteIdentityKey":"BW5kolbM5ooJAAHPx2+znsDrVG2pmyXb/MrqApL40MR7"},"_chains":{"BQCvwyISTTk7m5zZrnv21ndzGSaZTG/YiuM2CtSCS95F":{"chainKey":{"counter":-1,"key":"dxF7LKGA2JsYf/31NVrkoQkmKzhQyC1iigH4jf7iL0o="},"chainType":1,"messageKeys":{}}},"pendingPreKey":{"signedKeyId":0,"baseKey":"BchSlvITT5Zxm2tc/FvsfR+HA6vwB6th20Apgi93w8wz","preKeyId":11564270}},"BVC4UAkHgq365zLqXVWfLvK+i/CK7LPhEujt4jcuNI4Q":{"registrationId":1549063344,"currentRatchet":{"ephemeralKeyPair":{"pubKey":"BcJyZmNko8wBbD7Myke5sFMQwQ/Fvh8GXReqI5dGMQsB","privKey":"2Ce/dTvThIWT4Wi90W4K7yiED9dtTeA6gilraXAlwl8="},"lastRemoteEphemeralKey":"BX81kqES7J9WGKJkukyb0KBeIKS4KulegiJcce4nN+E3","previousCounter":0,"rootKey":"I/qSI212DQYQRoCDcoY+WTdd4LK1CIDaCACJMUjgCtc="},"indexInfo":{"baseKey":"BVC4UAkHgq365zLqXVWfLvK+i/CK7LPhEujt4jcuNI4Q","baseKeyType":1,"closed":1702602250659,"used":1702602233910,"created":1702602233910,"remoteIdentityKey":"BW5kolbM5ooJAAHPx2+znsDrVG2pmyXb/MrqApL40MR7"},"_chains":{"BcJyZmNko8wBbD7Myke5sFMQwQ/Fvh8GXReqI5dGMQsB":{"chainKey":{"counter":-1,"key":"0Cp/u3GnQoKaxY3/JkNy45H2FYEZyj0nmyV/8GFXMBs="},"chainType":1,"messageKeys":{}}},"pendingPreKey":{"signedKeyId":0,"baseKey":"BVC4UAkHgq365zLqXVWfLvK+i/CK7LPhEujt4jcuNI4Q","preKeyId":11563571}},"BdkpOKRI/C7szvzxjTETPexeSPowc3wUhIU/R3n5OC0y":{"registrationId":1549063344,"currentRatchet":{"ephemeralKeyPair":{"pubKey":"Bd0D6hsKlMqlIbBDt0Ms7O5VG4u3AjG8jGwdGHYDguJi","privKey":"ODt2pPsQBWhMmbI+JGE5Q8w4EfAd3OooHoYzpfk1+3c="},"lastRemoteEphemeralKey":"BX81kqES7J9WGKJkukyb0KBeIKS4KulegiJcce4nN+E3","previousCounter":0,"rootKey":"FgWuAeDHaV9xpTRYzfy2vn0GZLLR+VuT4cliX6UEmz4="},"indexInfo":{"baseKey":"BdkpOKRI/C7szvzxjTETPexeSPowc3wUhIU/R3n5OC0y","baseKeyType":1,"closed":1702602253806,"used":1702602250658,"created":1702602250658,"remoteIdentityKey":"BW5kolbM5ooJAAHPx2+znsDrVG2pmyXb/MrqApL40MR7"},"_chains":{"Bd0D6hsKlMqlIbBDt0Ms7O5VG4u3AjG8jGwdGHYDguJi":{"chainKey":{"counter":-1,"key":"8KW00rkavbgHXupB64/rtAQX6adbkNJyodAoBPuq9ng="},"chainType":1,"messageKeys":{}}},"pendingPreKey":{"signedKeyId":0,"baseKey":"BdkpOKRI/C7szvzxjTETPexeSPowc3wUhIU/R3n5OC0y","preKeyId":11564172}},"BeYhrxgcram14AiuZhI8sq7JsetajRyXzgdYVbZhrnBl":{"registrationId":1549063344,"currentRatchet":{"ephemeralKeyPair":{"pubKey":"BUekEnqvEHRfezZRdYjlK/3q+AZTPaMuicJL3c5yRJpz","privKey":"qLemYQxe2PTxbPcSUrEtk4mAJAYI4UPj8xAaBPrmpUs="},"lastRemoteEphemeralKey":"BX81kqES7J9WGKJkukyb0KBeIKS4KulegiJcce4nN+E3","previousCounter":0,"rootKey":"PjML9GAuJ3T4YLL+xqCakA+zgxsf/cS9eH9dsAyVmc4="},"indexInfo":{"baseKey":"BeYhrxgcram14AiuZhI8sq7JsetajRyXzgdYVbZhrnBl","baseKeyType":1,"closed":1702602253922,"used":1702602253805,"created":1702602253805,"remoteIdentityKey":"BW5kolbM5ooJAAHPx2+znsDrVG2pmyXb/MrqApL40MR7"},"_chains":{"BUekEnqvEHRfezZRdYjlK/3q+AZTPaMuicJL3c5yRJpz":{"chainKey":{"counter":-1,"key":"k1v8OL4uxNIWRUY1QYOqAuDVz3KkGwQHZ4HodjPr5vk="},"chainType":1,"messageKeys":{}}},"pendingPreKey":{"signedKeyId":0,"baseKey":"BeYhrxgcram14AiuZhI8sq7JsetajRyXzgdYVbZhrnBl","preKeyId":11564174}},"BWVbIAvIZO6j9zHV4GxkReya6dcHRWMrtWrH7RCig2d/":{"registrationId":1549063344,"currentRatchet":{"ephemeralKeyPair":{"pubKey":"BaZQB6nYaCRLRxjB7lHV0OyXLYL/wrIe99YUehoQk8w7","privKey":"8NHa065VlkMyX3pEygfbpWdnM+v6VtLdLKo77d82/VE="},"lastRemoteEphemeralKey":"BX81kqES7J9WGKJkukyb0KBeIKS4KulegiJcce4nN+E3","previousCounter":0,"rootKey":"AibXObRydymYZbp8qglIeDrMRrXiYKzILCJaSWV2MRE="},"indexInfo":{"baseKey":"BWVbIAvIZO6j9zHV4GxkReya6dcHRWMrtWrH7RCig2d/","baseKeyType":1,"closed":1702602254026,"used":1702602253918,"created":1702602253918,"remoteIdentityKey":"BW5kolbM5ooJAAHPx2+znsDrVG2pmyXb/MrqApL40MR7"},"_chains":{"BaZQB6nYaCRLRxjB7lHV0OyXLYL/wrIe99YUehoQk8w7":{"chainKey":{"counter":-1,"key":"2vbzvKgbkfu/TC8EO6U43IwbwIrIWhh4foMVzRB30WY="},"chainType":1,"messageKeys":{}}},"pendingPreKey":{"signedKeyId":0,"baseKey":"BWVbIAvIZO6j9zHV4GxkReya6dcHRWMrtWrH7RCig2d/","preKeyId":11563631}},"BSoZl8GrpqH8tfQd3l2joiZg2Wj+P3/Bd8wWS13NO8YJ":{"registrationId":1549063344,"currentRatchet":{"ephemeralKeyPair":{"pubKey":"BX4tjunr9gcuQ+HaeQiYHESw6U+6e+f2qmv5p9NH0jEV","privKey":"YP+yMaTN6U/JfaefUpOTWXXw0rv1dAKHLduTaHSURkY="},"lastRemoteEphemeralKey":"BX81kqES7J9WGKJkukyb0KBeIKS4KulegiJcce4nN+E3","previousCounter":0,"rootKey":"QAYAJ4a42TpReD/Nd0v8Ve1T0rNfcL31Gz4GCvDVQOM="},"indexInfo":{"baseKey":"BSoZl8GrpqH8tfQd3l2joiZg2Wj+P3/Bd8wWS13NO8YJ","baseKeyType":1,"closed":1702602254146,"used":1702602254023,"created":1702602254023,"remoteIdentityKey":"BW5kolbM5ooJAAHPx2+znsDrVG2pmyXb/MrqApL40MR7"},"_chains":{"BX4tjunr9gcuQ+HaeQiYHESw6U+6e+f2qmv5p9NH0jEV":{"chainKey":{"counter":-1,"key":"5k4OsRZTaadbb9AhPD3/AgIdTAUnLDl6/+FCASQLJFU="},"chainType":1,"messageKeys":{}}},"pendingPreKey":{"signedKeyId":0,"baseKey":"BSoZl8GrpqH8tfQd3l2joiZg2Wj+P3/Bd8wWS13NO8YJ","preKeyId":11564193}},"BdPUnKI0fquAKk+fT1ij095k1P6fF0q7D9w+6HKQsAta":{"registrationId":1549063344,"currentRatchet":{"ephemeralKeyPair":{"pubKey":"BUq/avKd9B0KsKF6SwvUOE00+lyxRDv3R12UTmRsP8pz","privKey":"aKFppqAa7x5cktCQzpfBniLpY1F7ruMACpiEsc1YgFU="},"lastRemoteEphemeralKey":"BX81kqES7J9WGKJkukyb0KBeIKS4KulegiJcce4nN+E3","previousCounter":0,"rootKey":"QY/A96stjpql7WmtF/yzFISlb0WS4s1uHhDguNZaY6k="},"indexInfo":{"baseKey":"BdPUnKI0fquAKk+fT1ij095k1P6fF0q7D9w+6HKQsAta","baseKeyType":1,"closed":-1,"used":1702602254145,"created":1702602254145,"remoteIdentityKey":"BW5kolbM5ooJAAHPx2+znsDrVG2pmyXb/MrqApL40MR7"},"_chains":{"BUq/avKd9B0KsKF6SwvUOE00+lyxRDv3R12UTmRsP8pz":{"chainKey":{"counter":4,"key":"XAvWRPeroSXbKall4erqgjoYaorNLzWeKUs/Q8DKRm4="},"chainType":1,"messageKeys":{}}},"pendingPreKey":{"signedKeyId":0,"baseKey":"BdPUnKI0fquAKk+fT1ij095k1P6fF0q7D9w+6HKQsAta","preKeyId":11564207}}},"version":"v1"}