{"_sessions":{"BZh/l/SUlcmc3lbmsgjIBqid7AEoqID7DBEQz9zQ+5tr":{"registrationId":1669384289,"currentRatchet":{"ephemeralKeyPair":{"pubKey":"BfDDtApkzU86l2Fv58l7du1Mt0Uh1faXQgOeg+8+/yoC","privKey":"+OlQ6T8V9KwbPWyE8kG5wD5QhXWcNNh61H28a0aEF3Y="},"lastRemoteEphemeralKey":"BQgUEAmS7A85ZIrM+MPMIOTCTIZR4Yu46rsVmHKmjsAm","previousCounter":0,"rootKey":"ORoLk9qTye9KIU4mJWEgjPlke1oe7w9r0UT/DOeonEU="},"indexInfo":{"baseKey":"BZh/l/SUlcmc3lbmsgjIBqid7AEoqID7DBEQz9zQ+5tr","baseKeyType":1,"closed":-1,"used":1702736782425,"created":1702095193331,"remoteIdentityKey":"BelrvlIsWYdiZpP+pvGioQaCd7dEdeGEN5nS+0k4RfpA"},"_chains":{"BVM308BbO+PySW4O+jMjSfZFGY4Nf120/4Ps9Tbw4KRR":{"chainKey":{"counter":0},"chainType":2,"messageKeys":{}},"BQfvAyXIdt9enlfu3aZ5t590Q5eQVerE/GKzl5h9BOJW":{"chainKey":{"counter":1},"chainType":2,"messageKeys":{}},"BQgUEAmS7A85ZIrM+MPMIOTCTIZR4Yu46rsVmHKmjsAm":{"chainKey":{"counter":0,"key":"8MaZwKktqTFNHq6301q0oqEoRKhmWUr3tNNGIV9Z4+8="},"chainType":2,"messageKeys":{}},"BfDDtApkzU86l2Fv58l7du1Mt0Uh1faXQgOeg+8+/yoC":{"chainKey":{"counter":3,"key":"I9KqtmS0K999Qi46elfjhNckHs2Op/BJaOfTnaBn+9I="},"chainType":1,"messageKeys":{}}}}},"version":"v1"}