{"_sessions":{"BecrU8mI/+3YaAEtCqFhlNRGmMtD4Ov2eetCvywLkTw1":{"registrationId":1920642155,"currentRatchet":{"ephemeralKeyPair":{"pubKey":"BXQFnBXS9dCzbtPLYUk1LbH+cylGTNwHtHa05XHV+24q","privKey":"yPZnC4G0LHPs7vXYMAF4oMu8uTESwi0krbL77lFcmV8="},"lastRemoteEphemeralKey":"BesDwIYfeLyrzvuC6DBS91n1L63ejCxdi0PHcCO5dC5W","previousCounter":0,"rootKey":"UgC05NeMyZVX65TEtBD94bTN89thZwKUZRqnq0fbbtc="},"indexInfo":{"baseKey":"BecrU8mI/+3YaAEtCqFhlNRGmMtD4Ov2eetCvywLkTw1","baseKeyType":1,"closed":-1,"used":1702094811815,"created":1702094811815,"remoteIdentityKey":"BQzdSzb9ERCLpH4UAOUJazhBW85KYUguOB9g5V+RYnZE"},"_chains":{"BXQFnBXS9dCzbtPLYUk1LbH+cylGTNwHtHa05XHV+24q":{"chainKey":{"counter":88,"key":"LN/AI6l5yOc1erYR51pKV9wJHXrS299SDqlBRazGg1k="},"chainType":1,"messageKeys":{}}},"pendingPreKey":{"signedKeyId":0,"baseKey":"BecrU8mI/+3YaAEtCqFhlNRGmMtD4Ov2eetCvywLkTw1","preKeyId":15562965}}},"version":"v1"}