{"_sessions":{"BZ0Zp2JYx8lFmrLt9YCX74hDH4Zr185vmMrNhaN6JJFW":{"registrationId":1695263190,"currentRatchet":{"ephemeralKeyPair":{"pubKey":"BWnj8WAKzTvc6AxrKhxI4aFoPLCEtxQo/YODT3+PYcQC","privKey":"aPOBg8L+97+5sGvEFt1jBbzlUQG1Ig2oCP3RntjllUQ="},"lastRemoteEphemeralKey":"BRRbv0WYGtQh8wVNCgUW+G9gdPHu1srQsAYO++MqJ/1v","previousCounter":0,"rootKey":"YuUaV5y2rG7t54+GtJ3IF5KoDXbCc/VfJmKqFtt8TEM="},"indexInfo":{"baseKey":"BZ0Zp2JYx8lFmrLt9YCX74hDH4Zr185vmMrNhaN6JJFW","baseKeyType":1,"closed":-1,"used":1702095193153,"created":1702095193153,"remoteIdentityKey":"BUJ2KRUUTBIkpjN+3WqZ1w55uevYEqUBofwUXBThox92"},"_chains":{"BWnj8WAKzTvc6AxrKhxI4aFoPLCEtxQo/YODT3+PYcQC":{"chainKey":{"counter":15,"key":"zBvKMi1/YF6pli28GprbIBqe9IG685njXbFL3GEwi1c="},"chainType":1,"messageKeys":{}}},"pendingPreKey":{"signedKeyId":0,"baseKey":"BZ0Zp2JYx8lFmrLt9YCX74hDH4Zr185vmMrNhaN6JJFW"}}},"version":"v1"}