{"_sessions":{"Bd5ClE9qSB7dG0WE87S55xT2gO+C0GpItuq0BayoWf4D":{"registrationId":668824970,"currentRatchet":{"ephemeralKeyPair":{"pubKey":"BSv7opz+aZP//dPxWOnX25H9Z9nZ+6T16/8MzM46/bx/","privKey":"wJA1e72Ip01kQcpi710C9JhP00cMUThmlF03aL2pO1s="},"lastRemoteEphemeralKey":"Bc04Og+Pr0PDjS6BivGQjWXJwIUbYVZQSiXS7yWJpjFe","previousCounter":0,"rootKey":"DuSM7JrplNyn/CD9qHQ7vy4Ii7Ee3Jc62AfAfpnTIk0="},"indexInfo":{"baseKey":"Bd5ClE9qSB7dG0WE87S55xT2gO+C0GpItuq0BayoWf4D","baseKeyType":1,"closed":-1,"used":1702095193382,"created":1702095193382,"remoteIdentityKey":"BfGwoI67fN92uaazwFmYRu91VHmfAF1es1HoRCMQXNod"},"_chains":{"BSv7opz+aZP//dPxWOnX25H9Z9nZ+6T16/8MzM46/bx/":{"chainKey":{"counter":15,"key":"WYZYDTUTz6Q9H8ilsfyR7ZRG/qbRLXCF4XXSSk3M2Ak="},"chainType":1,"messageKeys":{}}},"pendingPreKey":{"signedKeyId":4,"baseKey":"Bd5ClE9qSB7dG0WE87S55xT2gO+C0GpItuq0BayoWf4D","preKeyId":1226909}}},"version":"v1"}