{"_sessions":{"BYv3g14fMCY3L1Aaf7yyYvkwS6r4G+ABW7/BLzhWgKJf":{"registrationId":7845,"currentRatchet":{"ephemeralKeyPair":{"pubKey":"BV1gXiU7fIzU6QRoJk+9oPD0qmCZ3HB7ybwbxodDoa9F","privKey":"WGHCi1SakZmX0aHXk8qlu+srkVyh9gBadir5S0LDUEw="},"lastRemoteEphemeralKey":"BbWkON7BAjYOXnFq1NJSORENbtjAtMB3FqDoAkimENQq","previousCounter":0,"rootKey":"ywO6FPLleVrS6ciLgjOBPXOZpTTcGcEEuaU2Md7Ed3M="},"indexInfo":{"baseKey":"BYv3g14fMCY3L1Aaf7yyYvkwS6r4G+ABW7/BLzhWgKJf","baseKeyType":1,"closed":-1,"used":1702094811788,"created":1702094811788,"remoteIdentityKey":"BV/Dz1JgA0OVGAnd+4JfavBlH4eUWRCvqPyXOcvZb/Aw"},"_chains":{"BV1gXiU7fIzU6QRoJk+9oPD0qmCZ3HB7ybwbxodDoa9F":{"chainKey":{"counter":88,"key":"XM27YCFB4gk3XtvG0aYPgPFprccraVOqY+Ub+HT5yqk="},"chainType":1,"messageKeys":{}}},"pendingPreKey":{"signedKeyId":1,"baseKey":"BYv3g14fMCY3L1Aaf7yyYvkwS6r4G+ABW7/BLzhWgKJf","preKeyId":445}}},"version":"v1"}