{"_sessions":{"BWmdwRjMCGQ2R4nZ86oQdqEWwtwSc9koLDzuNpYZqCx3":{"registrationId":920416569,"currentRatchet":{"ephemeralKeyPair":{"pubKey":"BSl98o48zC+f1Kxj49O3ylaTeb8mRqgN740YzDPhkQwn","privKey":"oFTS9HI6f7d3GFVlA10yqe41DAXCygnV8TD87u/45mw="},"lastRemoteEphemeralKey":"BaFXVSUxOk8al58VyoXb0T/UUiRrp98m9wCltLt9nXRm","previousCounter":0,"rootKey":"jURpS39ep85BQLtDyFX2Bl9ILBhRkUx2r1G7sqWXgH0="},"indexInfo":{"baseKey":"BWmdwRjMCGQ2R4nZ86oQdqEWwtwSc9koLDzuNpYZqCx3","baseKeyType":2,"closed":-1,"used":1702479694790,"created":1702479694790,"remoteIdentityKey":"BTN5g7dsODG7oeohJ1K7m4eXj9H9r8xIWhx/qRWAfzow"},"_chains":{"BaFXVSUxOk8al58VyoXb0T/UUiRrp98m9wCltLt9nXRm":{"chainKey":{"counter":2,"key":"OySqXKyUxddh9CeleF29hFjS6/Lk0LoRoWkeiKEYG/8="},"chainType":2,"messageKeys":{}},"BSl98o48zC+f1Kxj49O3ylaTeb8mRqgN740YzDPhkQwn":{"chainKey":{"counter":-1,"key":"6qh9UncsVfrIhJpCb8/twHDT3WYQF+O//TzffK940Xs="},"chainType":1,"messageKeys":{}}}}},"version":"v1"}