{"_sessions":{"BUtZuowJ/7LddvBM9FdITar4zK+WqKOM2ZuJTqYppXk3":{"registrationId":1852544830,"currentRatchet":{"ephemeralKeyPair":{"pubKey":"BbMM1n0S6zAlOyCiJmS+LDGu2S8FlekXFSC9ttEhO30R","privKey":"oOLd/v3XKZN6LN2K5Ry9Mx+KGDvjr+iCaX6v/V0ByGw="},"lastRemoteEphemeralKey":"BQ/k2fwntMHNrcqWtVjkemmhE2YVZmFtCaLI8yfN93VY","previousCounter":7,"rootKey":"imFGFkwjGIaGaMD8jKWlTZFJmsYpG7u8Mwl8Tf8T4vI="},"indexInfo":{"baseKey":"BUtZuowJ/7LddvBM9FdITar4zK+WqKOM2ZuJTqYppXk3","baseKeyType":2,"closed":1702684985946,"used":1702635924458,"created":1702095190221,"remoteIdentityKey":"Be5zGL/YhaXGWwWPmGe34WsVwCE+/Yweyeyy3EECnyJL"},"_chains":{"BQYKB5aiaPAi6rElw14RosqRm3n/jCniZyjPguUHecsI":{"chainKey":{"counter":0},"chainType":2,"messageKeys":{}},"BQBWDeVIomm5gnzV1erHurAQAYzbz8mOLc4SHNlv3Mct":{"chainKey":{"counter":0},"chainType":2,"messageKeys":{}},"BVNc44+xdWF9nuQHmsEzqh5TGp+KCldGI0eI4zbRDURV":{"chainKey":{"counter":0},"chainType":2,"messageKeys":{}},"BdZqg28B9FV3aACq8n+dALs7nnogLCLAhk4Do5X7c/5j":{"chainKey":{"counter":1},"chainType":2,"messageKeys":{}},"Ba2kmZj0MGBwvJoks4gXja7TZs/Tqs/VYmidLkR6YPod":{"chainKey":{"counter":1},"chainType":2,"messageKeys":{}},"BdW7CqyTX2U7RsFxn5NSG8Ps2FAzBJlC/8fA+OA0h+Fv":{"chainKey":{"counter":1},"chainType":2,"messageKeys":{}},"BXzWeZmhNram4H3PESuv2FManSxMxNbZyjKnmYJ4m11G":{"chainKey":{"counter":0},"chainType":2,"messageKeys":{}},"BenYnrDW1ERqMv4xdg2oeB+Lz3mq4MeCkNECl6oRBPlk":{"chainKey":{"counter":1},"chainType":2,"messageKeys":{}},"BXG7Nji1bdG4JUlhwo4caQxPmOaE0+IoGyaKg4k2tVlv":{"chainKey":{"counter":0},"chainType":2,"messageKeys":{}},"BfGZ2G9WYgKAPPKM82lXB7dVnfl6allWUthX7HM8uogF":{"chainKey":{"counter":0},"chainType":2,"messageKeys":{}},"BR7K3DCvYkM1RHuZ0+5esWnr3RCucKKvtVe/CuzycMd+":{"chainKey":{"counter":0},"chainType":2,"messageKeys":{}},"BX8ludYD5iTeAkeUrlOZzT23DnV4LuII5F7/ZYo15f9U":{"chainKey":{"counter":0},"chainType":2,"messageKeys":{}},"Ba0buFn3+yBglNLZ7zZqazymY+HCyxGiQ99BVT9LtGAv":{"chainKey":{"counter":0},"chainType":2,"messageKeys":{}},"BZiAsiuGQck8FxcoPAJ3sXB5/G9Iv3giMZspyeDX16t8":{"chainKey":{"counter":0},"chainType":2,"messageKeys":{}},"BTXrV9IvaQWJgLCzVih+rsHG/DK+wm1mATV5h2YETlgE":{"chainKey":{"counter":0},"chainType":2,"messageKeys":{}},"BS7GOMNLBpI9w6SB0NrMwfRZDQkj0/o11mHxsPDVl5oN":{"chainKey":{"counter":2},"chainType":2,"messageKeys":{}},"BdNDia1RiOjZCl88kQkLygTYdcLB099F7Lr6xgUYqvAt":{"chainKey":{"counter":0},"chainType":2,"messageKeys":{}},"BTE3wQ5r4kbQACZw2UFIFx4QASS/gSppwVlYl0xxitp0":{"chainKey":{"counter":0},"chainType":2,"messageKeys":{}},"BU7Nq6i1MRkGijbbMznjkksZgwKdaC8kq61yojhkW2FL":{"chainKey":{"counter":0},"chainType":2,"messageKeys":{}},"BXZu1y27QnqDVnG6tfyuZ9utZn0S0x1rlETo27HGMCh3":{"chainKey":{"counter":1},"chainType":2,"messageKeys":{}},"BdsAD6lNpTCvkVpZObwG2PHzZOhyM/1F/BCD+ehKoIl+":{"chainKey":{"counter":0},"chainType":2,"messageKeys":{}},"BStSJXTpyNYhAvcGIT3QASh3eLyH6IoxgwzNZ+I+0phy":{"chainKey":{"counter":0},"chainType":2,"messageKeys":{}},"BTKEx/ycdFS/Aq6PHh0DEpqY3EZ/hgMrEdshzR1Fvrc+":{"chainKey":{"counter":0},"chainType":2,"messageKeys":{}},"BTZNjaR7kPIyp7bu8y4K55MG6Hhh+UILi/dwGEs9NKY1":{"chainKey":{"counter":0},"chainType":2,"messageKeys":{}},"BQH8vHNHGt9aWKY25B359JEPydFYGZIBknblJnxwZYEN":{"chainKey":{"counter":2},"chainType":2,"messageKeys":{}},"BTPCIUuzN4vCE60d0rlPyM6ylHIhiGSxUdKvPwgQExU4":{"chainKey":{"counter":0},"chainType":2,"messageKeys":{}},"Bac041eUYGFNgWS0XmmORUR8lLfT7EJLyVUSvXDeXuAy":{"chainKey":{"counter":2},"chainType":2,"messageKeys":{}},"BQwjWjdQ2t4iKay67p5sg9DnNMw3iFztGTojEEbOPGAY":{"chainKey":{"counter":1},"chainType":2,"messageKeys":{}},"BX6Ytbyg52F2GOJdzxfdPRxUG19SsXEhudAmPpuVE01Z":{"chainKey":{"counter":0},"chainType":2,"messageKeys":{}},"BVyjmo2LWxbcZquwlcpz2EzP5bZgSoGj05wc9DQeKrV/":{"chainKey":{"counter":1},"chainType":2,"messageKeys":{}},"Ba1PbMQe5U8bwXdoBzRnzjrNaBq4f9Txe7Xi9IiwRFkC":{"chainKey":{"counter":0},"chainType":2,"messageKeys":{}},"BcAOLxDyQc5uBPONTeY1fucwWOgCaynZaea3OzxHQz4v":{"chainKey":{"counter":0},"chainType":2,"messageKeys":{}},"BZaUz20UWPOcKkvt2bk1dKh4wbyRdjLLCTtGS24OYYlq":{"chainKey":{"counter":1},"chainType":2,"messageKeys":{}},"BYuuZPLnuxUISwOq64SpldasMZudVFmg6LHxHlMRG2IM":{"chainKey":{"counter":0},"chainType":2,"messageKeys":{}},"BaE2EgXbgUmj6xU6DPACu5Q2CwIm5ZK+bPJ4voBDFHQ8":{"chainKey":{"counter":0},"chainType":2,"messageKeys":{}},"BZvCYDGOBaPzV71rntWWeovgylwoagxJKRkRXWqnVQsc":{"chainKey":{"counter":1},"chainType":2,"messageKeys":{}},"BXdQgy74UCpEQu1Q4sfkmZjeb6jFNKd05YyL0tHHqBl5":{"chainKey":{"counter":0},"chainType":2,"messageKeys":{}},"BRO7J78KUSCoctZohdkUx7j10sn4tCd86r6V+SkRiCxt":{"chainKey":{"counter":1},"chainType":2,"messageKeys":{}},"Beq0V2ZUHqm5vrizRurXbefIdAdkN5/jQlXUMqMy5Klg":{"chainKey":{"counter":1},"chainType":2,"messageKeys":{}},"BWq0t4LRefC79pZ2Av5Lav4t4T3GIwgZDqY8/j4u8YZl":{"chainKey":{"counter":0},"chainType":2,"messageKeys":{}},"BaF/0UUUVCk3KkJptLCUljbJ6xsmCAVup6rjdaTvch5c":{"chainKey":{"counter":1},"chainType":2,"messageKeys":{}},"BUUyWw/VOCCxCRAZNVrHZC1S2byF7N7xABezfVeJX5dX":{"chainKey":{"counter":2},"chainType":2,"messageKeys":{}},"BShnOtR0ZLp5RkzoVoRYjB30VDnZ3gxXOU4mzM5dRCFd":{"chainKey":{"counter":3},"chainType":2,"messageKeys":{}},"BdDSUMhpksEXKsXjiO4DPgcaXns2LkIyLFfaFAgnl/Jr":{"chainKey":{"counter":187},"chainType":2,"messageKeys":{}},"BYsvPzxi1qPpWKSp33JxufL4wpTd4LtwsGx/GHLU2+Vg":{"chainKey":{"counter":1},"chainType":2,"messageKeys":{}},"BdJkkS/EOjgds9YFHRdVjqAz+JDlxj8vNc8TQAwMTFQf":{"chainKey":{"counter":0},"chainType":2,"messageKeys":{}},"BdGZ+K2DL0V0bLUN116r7hD+rtVzQnQeoS00ZLVlw7Bz":{"chainKey":{"counter":3},"chainType":2,"messageKeys":{}},"BZHdhuIJD6ElM61m0LKgkJ7nTuWdH4dMjARYVZs79yVz":{"chainKey":{"counter":1},"chainType":2,"messageKeys":{}},"BdGxbKPhWLML8Ek7GiLM94A8MIyZlAbKYNf2Y/1B/0l6":{"chainKey":{"counter":3},"chainType":2,"messageKeys":{}},"BZ5ikjsy/UhZbqP+FMwZ/V2jew6o8hTC/A+iamGHu8Eg":{"chainKey":{"counter":1},"chainType":2,"messageKeys":{}},"BReVXWkOAhuWIxKEZPGEnnIll+dXLQvLgvMcPgmsQglj":{"chainKey":{"counter":2},"chainType":2,"messageKeys":{}},"BfXMpwzVgu0MvqZjBw7S5qxCQPqIeb1khXe0hq4LSeQD":{"chainKey":{"counter":0},"chainType":2,"messageKeys":{}},"BbOUDJrf9jtkv42revyw/53EqXCOg5Q7qMGuCyMuIewc":{"chainKey":{"counter":0},"chainType":2,"messageKeys":{}},"BcoBMU7ZtPu/CBe13E89makg1ypXW8m4AhZrl1b8k+sX":{"chainKey":{"counter":0},"chainType":2,"messageKeys":{}},"BcqmatmtzNkw0JQHElWKYm0+35w6SLJ8Zm8fQvhypYFN":{"chainKey":{"counter":1},"chainType":2,"messageKeys":{}},"BdEUsvsdFjwMSBp7g+29/eJAeb1rh+hirWw15/CIlPsW":{"chainKey":{"counter":0},"chainType":2,"messageKeys":{}},"BchasDoesmxvyuBEvKclA4Kg+DPy5SpYdD82G/RAAIAT":{"chainKey":{"counter":0},"chainType":2,"messageKeys":{}},"BcEVVWbC0AspmzVvupVe6Cr3zqgLIkhWabRDTQR0EhwT":{"chainKey":{"counter":0},"chainType":2,"messageKeys":{}},"BeAVLoV+XEbo3DChOd/lk08B6zZDmizTAyJGFU3Nq0Qv":{"chainKey":{"counter":0},"chainType":2,"messageKeys":{}},"BbiSxomwOX4hhe8yXCR38gN07fVnIq//7zjeGvwqBjhs":{"chainKey":{"counter":0},"chainType":2,"messageKeys":{}},"BW4JuqKVburwkzoIEALOpwpEGsvYBmO7Gl8galdGXfwm":{"chainKey":{"counter":0},"chainType":2,"messageKeys":{}},"BRhCsSh8B+EAG8s4PQWGNkz+zNljfM89a2aXSuheL3RJ":{"chainKey":{"counter":0},"chainType":2,"messageKeys":{}},"BY1MvrygOd3mdq0WSmkhPssFysG5theQW6uZ1ujHK1UW":{"chainKey":{"counter":0},"chainType":2,"messageKeys":{}},"BVlADSP69o53GjVWZV9a4dZ96ZB2Cd28zFO0smw++uEd":{"chainKey":{"counter":0},"chainType":2,"messageKeys":{}},"BbFX+iEnUe4eXua/weZ6OyLfMivThLqXCiJWAbQ55xp8":{"chainKey":{"counter":0},"chainType":2,"messageKeys":{}},"BcNGPTKI77ewiybcTS7UXRnvsJS9G6N1SpVVXztE1olq":{"chainKey":{"counter":0},"chainType":2,"messageKeys":{}},"BfswV5zwFusgLhJcAKgenqRMONXckPzmjzSn9MbhfiUJ":{"chainKey":{"counter":0},"chainType":2,"messageKeys":{}},"BT6DcC6oyu+SOTk5ZHclaXgb1YY3dxF1xAsfdXMcBkMf":{"chainKey":{"counter":0},"chainType":2,"messageKeys":{}},"BVOVv7d8qV7n67Brnx3A33C0J1R8UK0SUqJ2TOMiuwga":{"chainKey":{"counter":0},"chainType":2,"messageKeys":{}},"BeQIwtt08Ma4lulLs2yirYG6ODIiXxGUN+Haa6GXGJ9t":{"chainKey":{"counter":0},"chainType":2,"messageKeys":{}},"BZPYdUXLQ0t+W9D85ouaIfzWAQs26ZarcOasSUBsrNk7":{"chainKey":{"counter":0},"chainType":2,"messageKeys":{}},"BXWo5eg3EqzjJdEBYCE614wSa52bTZiM5nRrPdS3s3Ye":{"chainKey":{"counter":0},"chainType":2,"messageKeys":{}},"BagSSN7SL+6QFE0HW6QZT4lQmSnGujnvd4sw6nVJvQFH":{"chainKey":{"counter":0},"chainType":2,"messageKeys":{}},"BdPa06NRGGmoOgZZpWCJdIupoXyhr6aNOcRbgSbs+BV5":{"chainKey":{"counter":0},"chainType":2,"messageKeys":{}},"BdCjjilqluK+/dvooy5nwnucc5r2SGlMPz5NsKKwW988":{"chainKey":{"counter":1},"chainType":2,"messageKeys":{}},"BRpDwTNVy2P/59ZnKxqCCAOcFAFpDCf7ag1NhRFmNgkT":{"chainKey":{"counter":0},"chainType":2,"messageKeys":{}},"BfSC3bbkFTTCv9r/Tq/grbX6RpUAcZB7Jz91wPIpTfd6":{"chainKey":{"counter":0},"chainType":2,"messageKeys":{}},"BYHL0ofWrWi7UNXcCMz2RIfXAa9YlKWc2G+unZoQ3v0+":{"chainKey":{"counter":1},"chainType":2,"messageKeys":{}},"BWNGtTvJpDalSD3+/ZLKvMtQ5viz1Y4QQFdfkCWcTata":{"chainKey":{"counter":0},"chainType":2,"messageKeys":{}},"BZnw0jSTn7moOD7kluiyL6SADlnDG+3+hCbJ+j1roBtj":{"chainKey":{"counter":0},"chainType":2,"messageKeys":{}},"BdJt2YaqmJsHuQlUJMeAAxzu26bFM3ziAl+nNExYmG0k":{"chainKey":{"counter":0},"chainType":2,"messageKeys":{}},"BUbLuqfPJ7yCoPlDObPXHR7MXD9BjSuJk9lbHYuKMutI":{"chainKey":{"counter":1},"chainType":2,"messageKeys":{}},"BXylMf+S6lk85twRKmWgxnSHSlIbgbZDMpHqM+9IS78u":{"chainKey":{"counter":0},"chainType":2,"messageKeys":{}},"BcXnHTHA9ovXN4iowOobSvtbvmbEWHhp1pGuRsD5QzsO":{"chainKey":{"counter":3},"chainType":2,"messageKeys":{"1":"JuOgpdW6jmAsbisQZQJIubj+M6Nt2jE6VwRKjLN3l/U=","2":"L2q43FHczbKfYGhxo/hHka0i+9RWO4w0Z6iB1J7VQvk="}},"BViYFvlihb0LMa5ARTftIZ3+bOJjVkNFLtA16ODYjWss":{"chainKey":{"counter":0},"chainType":2,"messageKeys":{}},"BXf5GY8anmUOWEzRfslewmtczbp3qgDJFHCnolhxxjNV":{"chainKey":{"counter":0},"chainType":2,"messageKeys":{}},"BbxY+zkOx1hWWUnJfUriEx+/yIzPLUWcqdPprEUc0jNw":{"chainKey":{"counter":0},"chainType":2,"messageKeys":{}},"BTnW1D3IKteG+0IxEglIloIOKKBgMw/ecvm/+Wz436Z8":{"chainKey":{"counter":0},"chainType":2,"messageKeys":{}},"BeGXORm7Znm+G7Vx+ye+WfGSIhfRA/Gjv2SE1PF/cZQ2":{"chainKey":{"counter":1},"chainType":2,"messageKeys":{}},"BQ/k2fwntMHNrcqWtVjkemmhE2YVZmFtCaLI8yfN93VY":{"chainKey":{"counter":0,"key":"t/z+DLk/jr1lSNc2HpOSuhRN5LMGVkJhE5Av0T9mfi4="},"chainType":2,"messageKeys":{}},"BbMM1n0S6zAlOyCiJmS+LDGu2S8FlekXFSC9ttEhO30R":{"chainKey":{"counter":1,"key":"Wlx8+lRqVgEId5AZEvePurJMZByaBIBbefDt3AiRpU0="},"chainType":1,"messageKeys":{}}}},"BbnXOWJsBv8jgHLn20dKnfKkc6PMkVnjzhqnJ2IKAwIw":{"registrationId":1852544830,"currentRatchet":{"ephemeralKeyPair":{"pubKey":"BTAtcxhktpKY/LDOICCO+SM7boH58yKTyKiNDghdF6xn","privKey":"eNL17z3kLXiIRsayuAOPy5q7O0YiP9iurWnfcf50o1o="},"lastRemoteEphemeralKey":"BbFFFT6jCBRakmG995eWAtCbpLfWaYU1k3tJKAH7Fpdq","previousCounter":0,"rootKey":"rd+CBRO6ZHndtwFjoqmzO+Ih7r0VhiNicpd79TgXoVI="},"indexInfo":{"baseKey":"BbnXOWJsBv8jgHLn20dKnfKkc6PMkVnjzhqnJ2IKAwIw","baseKeyType":2,"closed":1702684986652,"used":1702684985952,"created":1702684985951,"remoteIdentityKey":"Be5zGL/YhaXGWwWPmGe34WsVwCE+/Yweyeyy3EECnyJL"},"_chains":{"BbFFFT6jCBRakmG995eWAtCbpLfWaYU1k3tJKAH7Fpdq":{"chainKey":{"counter":0,"key":"5HRN8yEhqKCi/hiGB5nwE4Ko4Z2rK2xdFobOStsGFNQ="},"chainType":2,"messageKeys":{}},"BTAtcxhktpKY/LDOICCO+SM7boH58yKTyKiNDghdF6xn":{"chainKey":{"counter":-1,"key":"zw8niQKtrHnnJgjo6FFC81spKIeO0jfMhATU8m1Gtuc="},"chainType":1,"messageKeys":{}}}},"BSupKa8ud0XuTZnjJsEEBni+TEko5RZBvh8bDVWM8P1j":{"registrationId":1852544830,"currentRatchet":{"ephemeralKeyPair":{"pubKey":"BTrXRppjZfKrtMPxYgttWwNhS5hZoJO3vBVOtXxvpW0y","privKey":"WHWrRca7ph5eKHyG9K+JEO5J5vfNirEu13PZdhG+Gmw="},"lastRemoteEphemeralKey":"BQQ7RDgR/bkgXA+GCogSHeN9gv5Tyd1VMFvC5J9fOZRo","previousCounter":0,"rootKey":"omxyVgUp72KAhpCnXU7F+d40Oe2JEaMszJpYDD8OwkU="},"indexInfo":{"baseKey":"BSupKa8ud0XuTZnjJsEEBni+TEko5RZBvh8bDVWM8P1j","baseKeyType":2,"closed":1702684987840,"used":1702684986736,"created":1702684986736,"remoteIdentityKey":"Be5zGL/YhaXGWwWPmGe34WsVwCE+/Yweyeyy3EECnyJL"},"_chains":{"BQQ7RDgR/bkgXA+GCogSHeN9gv5Tyd1VMFvC5J9fOZRo":{"chainKey":{"counter":0,"key":"Y/YVQRqyz+3LoIFmB7OLe0I8WvTOvIKSruDBHnt+qYc="},"chainType":2,"messageKeys":{}},"BTrXRppjZfKrtMPxYgttWwNhS5hZoJO3vBVOtXxvpW0y":{"chainKey":{"counter":-1,"key":"E8iYeO1DAOK1C4yT66cacy6MGfXSlWm/aWfGxYWEl8M="},"chainType":1,"messageKeys":{}}}},"BTux6/hM7KCyw+nDnVMletTDdaBZ8X+Dcg+kkgwwK5ZG":{"registrationId":1852544830,"currentRatchet":{"ephemeralKeyPair":{"pubKey":"BV9WXSoWmUNNbCLsXNcyopyeMCAhJ18H0Dln3BGCbmhq","privKey":"oG7axfZkAz87uG61DYoLISnLWUqf3xi9yCe5ly4jw3Y="},"lastRemoteEphemeralKey":"BYm4bhYx2WRvwAjOtT/uGgegIhI3hSjLYavjmhNRzHxW","previousCounter":0,"rootKey":"tqh8TfcsX84lGMoTKJrvaBgUU5+rPVRKmP2KpmJTm4U="},"indexInfo":{"baseKey":"BTux6/hM7KCyw+nDnVMletTDdaBZ8X+Dcg+kkgwwK5ZG","baseKeyType":2,"closed":1702737537747,"used":1702725203260,"created":1702684987849,"remoteIdentityKey":"Be5zGL/YhaXGWwWPmGe34WsVwCE+/Yweyeyy3EECnyJL"},"_chains":{"BfzY1pA8pqzv6Dfm0aVXtazol8Ve8zKLjJGN41MLlWB7":{"chainKey":{"counter":0},"chainType":2,"messageKeys":{}},"BSblJRz68i/KmdywYGRacATlEc+4wG0JIDN6+R3DxWQt":{"chainKey":{"counter":0},"chainType":2,"messageKeys":{}},"BVPdNh4rYO2Tw+fOwfgec/6G4caaK/dG+RQxcJDi/tkK":{"chainKey":{"counter":0},"chainType":2,"messageKeys":{}},"Bd53GkIokGNJkv5R1S2/9A9Pu2cWErcRZ5c2GNKuvWF1":{"chainKey":{"counter":0},"chainType":2,"messageKeys":{}},"BXNSu3V/MAIVbe7TE/L2Xrij0X97j20dRjJUCTufGzQD":{"chainKey":{"counter":0},"chainType":2,"messageKeys":{}},"BZOUgdxCYKgioG7yalOgdCEwRjgJH22spguE0mPVGq02":{"chainKey":{"counter":0},"chainType":2,"messageKeys":{}},"BTRYi34a5t/2+6Im1/OMVpILXT2GaHpGPV13GbfqMIFb":{"chainKey":{"counter":0},"chainType":2,"messageKeys":{}},"BT5Slho3HPw6WtyzO/zrjYyXqx9xqcA8gN8gkHmtr6Ak":{"chainKey":{"counter":1},"chainType":2,"messageKeys":{}},"BdO1cKDh/sHp9tqG7YI5a12tYhNbdHW4rfyZGkSEaHZL":{"chainKey":{"counter":0},"chainType":2,"messageKeys":{}},"BXMss/ZzLz13RSx3RxiVsz2dRqzjNfArJopTtTvWsAt5":{"chainKey":{"counter":0},"chainType":2,"messageKeys":{}},"BbXyB8jE/N64m8kxsSRDqkNjBg2eQ1ydlWtTRatoIF1g":{"chainKey":{"counter":0},"chainType":2,"messageKeys":{}},"BRK1EltwK4dPtMEcKdROSbBtoVGy5zAsdjCM8c3m6a0O":{"chainKey":{"counter":0},"chainType":2,"messageKeys":{}},"BeG1VH1jWQoEQ8v0oOZ3AwuWFKjAvTNfEf2n2nUtrU4u":{"chainKey":{"counter":0},"chainType":2,"messageKeys":{}},"BRxV9WQN2LqY9vID+3aIWD8MsyAGekPJSYGkHtS2+AEN":{"chainKey":{"counter":0},"chainType":2,"messageKeys":{}},"BV20QKjVhN1U2T54ydY6EfwVddDoBKj1cNZPMPNGe4Jl":{"chainKey":{"counter":0},"chainType":2,"messageKeys":{}},"BRTWh8mZdd+jvpkgQhHQ4A782hKNHO4xvl8I1CpODDle":{"chainKey":{"counter":0},"chainType":2,"messageKeys":{}},"BSf8bz8rQshKQjYnWu0cdpqH6E+DhNm9U7YX1GR9JExE":{"chainKey":{"counter":0},"chainType":2,"messageKeys":{}},"BWJlRE9S6mrigVbP4tRaAEglhLlS5oIxfA7O1jS6EpAL":{"chainKey":{"counter":0},"chainType":2,"messageKeys":{}},"BYHylOZl0ObaAL4/3SHFfQKvO4OrnOuC9XbmlMULum5l":{"chainKey":{"counter":0},"chainType":2,"messageKeys":{}},"BZE8TZfIYXJZbQ7420ZG0PK2aM7regkRhY8SCSUu2Qxn":{"chainKey":{"counter":0},"chainType":2,"messageKeys":{}},"BVgkImySy7az0o/CXVGuMraPuEgahsYkF009q013Wcsy":{"chainKey":{"counter":0},"chainType":2,"messageKeys":{}},"BV3RewBPrMPLL32d1hNKYeKJegqT5bN97RpFJZXCwLoD":{"chainKey":{"counter":0},"chainType":2,"messageKeys":{}},"BQNxfi5yFgWnNafjuscTGmAamJvCiwCCqPANIq/8L3tZ":{"chainKey":{"counter":0},"chainType":2,"messageKeys":{}},"BYZ6leOtuVfMPC72CyzMCyOdDL8MKbI5WIKJ1Vf7rBga":{"chainKey":{"counter":0},"chainType":2,"messageKeys":{}},"BcJlH5hG+Lq0zCy0wlWKt0WSf4NIigsgfAM4gVwKosBZ":{"chainKey":{"counter":0},"chainType":2,"messageKeys":{}},"BdURf5pI4xxRLbiSWx0g9fLmYIpI//pmpdFJ6De8wc8E":{"chainKey":{"counter":0},"chainType":2,"messageKeys":{}},"Bf5tQsWqpZGZsaBzuJDsny7zVczFBhl2JI2KBhk8uQw9":{"chainKey":{"counter":0},"chainType":2,"messageKeys":{}},"BaEGrsi4SXuU3odO4XyLQrEaQeNpan7fckI2dQhor6kH":{"chainKey":{"counter":0},"chainType":2,"messageKeys":{}},"BVjSQ4QdHeX3FFzzJUca3zEzjx4xMXagiFnScm0DjpFX":{"chainKey":{"counter":0},"chainType":2,"messageKeys":{}},"BZQA7YQJ0SUtOh+al9JrsHQVRMzk9kKobydEHRx7jAs8":{"chainKey":{"counter":0},"chainType":2,"messageKeys":{}},"BQI8be+amLXecH8kv2hX1LoWysBBmT2Nz/hy0sE3XDlu":{"chainKey":{"counter":0},"chainType":2,"messageKeys":{}},"BQDarXdzETIpTZW/h5QtEE9tCVDDWDWkTwYS3CEvWtd3":{"chainKey":{"counter":0},"chainType":2,"messageKeys":{}},"BSpzEDE4ODMNt5fFc6MI7f1ILaUG7trs2PMGdmz4PWp9":{"chainKey":{"counter":0},"chainType":2,"messageKeys":{}},"BVSFs7zwSy7LFseK5PSVviJAd9FJHAlqc+XiK532kghu":{"chainKey":{"counter":0},"chainType":2,"messageKeys":{}},"BXF6+6LQd2m+/JmvRMltYuGRsXNG9hxczfpkmpTpIsg0":{"chainKey":{"counter":1},"chainType":2,"messageKeys":{}},"BR4nqez9tRzfOEcjH/dqCkknX2zXkJGhMWcOeyaC/0J8":{"chainKey":{"counter":0},"chainType":2,"messageKeys":{}},"Beto2IUmDaNESAAok5ws2K/u9ZQ56v5g9gGTXPFYQl1U":{"chainKey":{"counter":1},"chainType":2,"messageKeys":{}},"Bc3z1h1AeRi9fuD1Kza91Hj5b+Tg87l0Zx1f+hVrAcxc":{"chainKey":{"counter":0},"chainType":2,"messageKeys":{}},"BVPeIUIA3oGGeH5cV8ZUEs83v3u5cGfULwqPa9jMx6lU":{"chainKey":{"counter":0},"chainType":2,"messageKeys":{}},"BRQZERgUC6/vO50OvtAAJCSX0/jXVPOLbGxO2uCACy8h":{"chainKey":{"counter":0},"chainType":2,"messageKeys":{}},"BX84fbFt/lBc0/g8VjlrRcR2535j7yD+5W9VAyvyTSxr":{"chainKey":{"counter":0},"chainType":2,"messageKeys":{}},"BTIKK3QSvEufOiT4tRy0nXjbV1uZ7OsmayJ45nYAWHJi":{"chainKey":{"counter":1},"chainType":2,"messageKeys":{}},"BeiMAKiPxfkVs9m2+nzyVEWO2gI9xa99+9Ikix8syKRt":{"chainKey":{"counter":0},"chainType":2,"messageKeys":{}},"BUzmusXrkrzwQ6jD6bzAwNfC3wDRzmz2LY1h8GXbPmBb":{"chainKey":{"counter":0},"chainType":2,"messageKeys":{}},"BZ7k6iClNp/HWtKnwmWTMDrfQHajtF3d+pncFYX9zKwU":{"chainKey":{"counter":0},"chainType":2,"messageKeys":{}},"BYxat5vzN5aYo4Cx2ldQfGoa3SZC9N5yV/qe+KUfQmRV":{"chainKey":{"counter":0},"chainType":2,"messageKeys":{}},"BVNUzfS4jvFKTcKOstGQONPY/4hcw751yNMSJg7os+o1":{"chainKey":{"counter":0},"chainType":2,"messageKeys":{}},"BfkN0UBiQKpBNFYKNrmtrHRohuzQCwTE5REtwHyJ5HI5":{"chainKey":{"counter":0},"chainType":2,"messageKeys":{}},"BfRKTgKgCa7GEZef7m9t383ZyIohvsNW6BcfRWykGvgv":{"chainKey":{"counter":0},"chainType":2,"messageKeys":{}},"BYeLhBlLOc93iekabb7vHkTKLutuXuRVIEBmZ3EN1tl6":{"chainKey":{"counter":0},"chainType":2,"messageKeys":{}},"BVc7GkU1ETkAsOPbmLCWWSy7OgXXV0jM3gLVRR/b5Mpn":{"chainKey":{"counter":0},"chainType":2,"messageKeys":{}},"BXpCiG1M509MCOYnStjnvTCTemhseP24pW1iJotYd2tR":{"chainKey":{"counter":1},"chainType":2,"messageKeys":{}},"BdFWgjpPq9x7eQuO75QBZlLFUuVskBDTgTaWGwjzr303":{"chainKey":{"counter":1},"chainType":2,"messageKeys":{}},"BVLaBVdt7/khJD4uyz3+8pMqvkhoWrivalVQrr00tUs0":{"chainKey":{"counter":0},"chainType":2,"messageKeys":{}},"BYm7ng91UQoeYiOtqkw4WOsHOjcV7xQvCtt+YDix6KgF":{"chainKey":{"counter":0},"chainType":2,"messageKeys":{}},"Bd7k3uvsD3xDa8dVTjRrPxelf7AgEYSarV92L6BWBtwZ":{"chainKey":{"counter":0},"chainType":2,"messageKeys":{}},"BYfqH4+wnI7W+bNvoHvCoHZJDkw46bECm/o+tXVL0yJI":{"chainKey":{"counter":0},"chainType":2,"messageKeys":{}},"BYspSnyLYqU02AeB5cLkmtFVzbsaj/X5KhuOVmWNwgl/":{"chainKey":{"counter":0},"chainType":2,"messageKeys":{}},"BctFQs6o65r9GMZyTTRGDAyKsgRWS/scsSfNSuad6S13":{"chainKey":{"counter":0},"chainType":2,"messageKeys":{}},"BXQRBuxJeUoUijFYM3BeRfG1GVyswPHQi1OmfBynEZNC":{"chainKey":{"counter":0},"chainType":2,"messageKeys":{}},"BRenS6mxeMvvLzJdaUbAtZXmTaAILO8VSLjuFBVp6Klq":{"chainKey":{"counter":0},"chainType":2,"messageKeys":{}},"BYCtRYw5Rx5VXpuKY0DzYpxgO+x4TV6ACOMudX8SjmAi":{"chainKey":{"counter":0},"chainType":2,"messageKeys":{}},"BWw98KoDhrlknfISbujdrbOdWbBoa/NBdhdDQzJVkn5L":{"chainKey":{"counter":0},"chainType":2,"messageKeys":{}},"Bd9zheWsM+sN5tipygY7Srhfu7v4rVw4BNwzl4xsbZol":{"chainKey":{"counter":0},"chainType":2,"messageKeys":{}},"BZsShocQYSbFkPNd37E1NqPjxfbvGRmi8IpAH13BW/Zr":{"chainKey":{"counter":0},"chainType":2,"messageKeys":{}},"BYm4bhYx2WRvwAjOtT/uGgegIhI3hSjLYavjmhNRzHxW":{"chainKey":{"counter":26,"key":"v3RwdVAPKzAyYFWPnUSZMpgKxY5m9pQDj8X10tH/O6M="},"chainType":2,"messageKeys":{}},"BV9WXSoWmUNNbCLsXNcyopyeMCAhJ18H0Dln3BGCbmhq":{"chainKey":{"counter":-1,"key":"QsmQIe3v+pEnkfMq7WaVnnh0ti6nChmkaLheFVmgx04="},"chainType":1,"messageKeys":{}}}},"BQIqD++8fQUKW8Lg/N3vYqZh84VXc7wU+s7rWAPwlt4Z":{"registrationId":10041625,"currentRatchet":{"ephemeralKeyPair":{"pubKey":"Ber191uvdxUm7E3jr5uH7cjWhg83VTyY2iRpM2I/6pVM","privKey":"IIzp1YdZTakMMhxy4JXODGYRkmr1HfGWiYFJRPWMMnI="},"lastRemoteEphemeralKey":"Bd+OJssodD9FEOjW2oSt3B9mugCxiqrgUX0iLvGCyIdM","previousCounter":0,"rootKey":"orBy7dmT0LEqFP54yiCpdTgUkEHvVSqn3r8Aqif9b0Q="},"indexInfo":{"baseKey":"BQIqD++8fQUKW8Lg/N3vYqZh84VXc7wU+s7rWAPwlt4Z","baseKeyType":1,"closed":1702737539724,"used":1702737537718,"created":1702737537718,"remoteIdentityKey":"BdK2wL1aHay5MHMx21FW7AHJsA2/23k0ztdzk6Zy8J1z"},"_chains":{"Ber191uvdxUm7E3jr5uH7cjWhg83VTyY2iRpM2I/6pVM":{"chainKey":{"counter":0,"key":"XPoO2EaJKVclgjURGRq7rQ1ttz3+B+VFxfBM2YVenwc="},"chainType":1,"messageKeys":{}}},"pendingPreKey":{"signedKeyId":0,"baseKey":"BQIqD++8fQUKW8Lg/N3vYqZh84VXc7wU+s7rWAPwlt4Z","preKeyId":2291300}},"BckCvehcncqVuRwHn4tNh8ZvSlzZCZXNf9VQO8F+D7t6":{"registrationId":10041625,"currentRatchet":{"ephemeralKeyPair":{"pubKey":"Bc+lnihGffpJHxTE7t2NdFZX5PISp9RV6OkVXXD6TUIQ","privKey":"UOeF4SoWht10SAHyzF1FIQkwbHPOB8FW945xSq/05XI="},"lastRemoteEphemeralKey":"Bd+OJssodD9FEOjW2oSt3B9mugCxiqrgUX0iLvGCyIdM","previousCounter":0,"rootKey":"3uB/EUjiCvBmwxYKlbXx65L6DA+NGmybwM9+N/MNOME="},"indexInfo":{"baseKey":"BckCvehcncqVuRwHn4tNh8ZvSlzZCZXNf9VQO8F+D7t6","baseKeyType":1,"closed":1702737541214,"used":1702737539721,"created":1702737539721,"remoteIdentityKey":"BdK2wL1aHay5MHMx21FW7AHJsA2/23k0ztdzk6Zy8J1z"},"_chains":{"Bc+lnihGffpJHxTE7t2NdFZX5PISp9RV6OkVXXD6TUIQ":{"chainKey":{"counter":0,"key":"z6Bi/yNF1HxGPyBsrXtPeYOZ0sa+Rd+pqbY/yLC9t+w="},"chainType":1,"messageKeys":{}}},"pendingPreKey":{"signedKeyId":0,"baseKey":"BckCvehcncqVuRwHn4tNh8ZvSlzZCZXNf9VQO8F+D7t6","preKeyId":2291267}},"BUn2OYxFasn5OkRHD/Ahy1Vj0Qe/OUi5SbWeCr0ssRMw":{"registrationId":10041625,"currentRatchet":{"ephemeralKeyPair":{"pubKey":"BXce6cEWmyRLFcCDRUtTtsc4vDpwAX9pkqn5ubjuvy4+","privKey":"gAChYOfw+Lg68qMVENUiKtAg1BvKvf3eP2wiTmIz7Ek="},"lastRemoteEphemeralKey":"Bd+OJssodD9FEOjW2oSt3B9mugCxiqrgUX0iLvGCyIdM","previousCounter":0,"rootKey":"NxMvy/lV4qxReDm3UNmLzSm6k5RslLniV4vseJEFO2Q="},"indexInfo":{"baseKey":"BUn2OYxFasn5OkRHD/Ahy1Vj0Qe/OUi5SbWeCr0ssRMw","baseKeyType":1,"closed":1702737542748,"used":1702737541212,"created":1702737541212,"remoteIdentityKey":"BdK2wL1aHay5MHMx21FW7AHJsA2/23k0ztdzk6Zy8J1z"},"_chains":{"BXce6cEWmyRLFcCDRUtTtsc4vDpwAX9pkqn5ubjuvy4+":{"chainKey":{"counter":0,"key":"px6/n7Tv7MN1fghcMxvOYG6B7Ac5abpLRjLrYS8RTKw="},"chainType":1,"messageKeys":{}}},"pendingPreKey":{"signedKeyId":0,"baseKey":"BUn2OYxFasn5OkRHD/Ahy1Vj0Qe/OUi5SbWeCr0ssRMw","preKeyId":2290685}},"BVxkywHPwfg26+U63uV0cSGP84qmGVok6JxLFOaiy+k4":{"registrationId":10041625,"currentRatchet":{"ephemeralKeyPair":{"pubKey":"BYvC9VBUVgAPzWbvHqiQ4YDoJRQR3QDtMgjR7FGqn1It","privKey":"6OemTiCgk07azDCrZvg+lCmmZRVG4RsR8MrFNDf1jG8="},"lastRemoteEphemeralKey":"BXvBpkyQBkLg7eEOpN1FX90nvtq5YC9ew0A86E645DZ+","previousCounter":1,"rootKey":"OTCTILc0kyPrPE/9lC5Mn5kUarQfgUSYhTRvWdxZdMM="},"indexInfo":{"baseKey":"BVxkywHPwfg26+U63uV0cSGP84qmGVok6JxLFOaiy+k4","baseKeyType":1,"closed":-1,"used":1702976466761,"created":1702737542740,"remoteIdentityKey":"BdK2wL1aHay5MHMx21FW7AHJsA2/23k0ztdzk6Zy8J1z"},"_chains":{"BTBSdBjspUgrVbVGAhlbLd/cYYLVX+dPOdrpKLEY8kNP":{"chainKey":{"counter":1},"chainType":2,"messageKeys":{}},"BUu7/t3bnHilNB1V5gVWQfYDH6PrK4NiSWpAStj+a5AQ":{"chainKey":{"counter":1},"chainType":2,"messageKeys":{}},"Bb8tz1le+aRdD+rY+jOeY2OLwPp2YnBOCUXPkCkmuysx":{"chainKey":{"counter":1},"chainType":2,"messageKeys":{}},"BQs2I0yo4Tv1fPxh8wLNGDlt5OramPOirR+0UMrFTQJf":{"chainKey":{"counter":1},"chainType":2,"messageKeys":{}},"BX09LOaG7toAqDRCqJ08YO5xmR5m3JVUktyVsUa9Rh0r":{"chainKey":{"counter":1},"chainType":2,"messageKeys":{}},"BSQJtpWsG6yoTdl1ZhKS1xggKSjkP4AV5HwHGWBKznEc":{"chainKey":{"counter":1},"chainType":2,"messageKeys":{}},"BSjtKMVJBbnuXNRmL7aftAPAhjvQVKr14cS1k7X6BlEG":{"chainKey":{"counter":1},"chainType":2,"messageKeys":{}},"BZxyeNheNt6fMBEmdwWnKBkwxAeYuI8ONe2vcK8OZRkX":{"chainKey":{"counter":1},"chainType":2,"messageKeys":{}},"BQVFmnjP2XrFbzNtRkOgInYsCiwswIKKdPUmoVlCkG0L":{"chainKey":{"counter":0},"chainType":2,"messageKeys":{}},"BYJ1i6wl8/1qYqby0bmIbchLSV0dIDo/j7MnVarv+68u":{"chainKey":{"counter":0},"chainType":2,"messageKeys":{}},"BcH7Ehp+3xzaZaCtbTqBURXkDHAFg7BkPJPsR6w80/IW":{"chainKey":{"counter":0},"chainType":2,"messageKeys":{}},"BaQwlTiUEllIYNI0D5GNxaYLLX5lO1RxQ3EWHUFqaT5r":{"chainKey":{"counter":3},"chainType":2,"messageKeys":{"0":"ZyQpqLJhRCVpBkLLJk7+xefZNARQyXmS34FwY6llw+4=","1":"KdMfam0n0gKl8Wd1+QXqyIdj1fx7FBAzQfGBH5nsrxk=","2":"7uFu/gzKg49wVNUnaQdRqTk6NeKfEq+hDOLLoj9+LCc="}},"Bfnl76N9xSUVUfdKKNEc630qfJeWntDSrNsOHv06HUde":{"chainKey":{"counter":3},"chainType":2,"messageKeys":{}},"Bfed3zxXXBXWBGBJRiwfTJDGIGFfBcwEbPtpdsb4jKkJ":{"chainKey":{"counter":0},"chainType":2,"messageKeys":{}},"BXWv6BT124Kcm2Cp6GLq2zdO0W+ggMX0YKYHa/slDVEM":{"chainKey":{"counter":1},"chainType":2,"messageKeys":{}},"BWnZmxITd2HgS8h6Vfdwj8tZ2C/J1hMI9iKXy3ceTtoY":{"chainKey":{"counter":3},"chainType":2,"messageKeys":{"3":"btt2nkiBClWHKY7hB9ScnzyE2Qa61hMmcPoiOEkxhLs="}},"Bazyu83iHGCTd4gmjzWe4zzxgcxDBIglVeV39OUvZUY0":{"chainKey":{"counter":2},"chainType":2,"messageKeys":{"0":"3MmE2pZmybYcX+KYITmff8gbcnAZJRBW6E1tsWHURio="}},"BTWuR1r1jsxWhTdp0EBn9pD9sK5RdDW1FuuqZpPZXgBv":{"chainKey":{"counter":1},"chainType":2,"messageKeys":{}},"BRyI/nALNLoZwkBpkXDUooEgZ00G73iwnFZR6OSSQrBZ":{"chainKey":{"counter":2},"chainType":2,"messageKeys":{}},"BXxEckr78qJJcRtO40Yg1du6priSueY3nbNuUTvqPOhe":{"chainKey":{"counter":0},"chainType":2,"messageKeys":{}},"BcWbZFPeSYCT+20lOFylsNF52wbJ84DdDUOJrsDa8scz":{"chainKey":{"counter":0},"chainType":2,"messageKeys":{}},"BQdTZpxw2Zf2piGZXHzwdDAtck30I/Ujs+98nu8WHyML":{"chainKey":{"counter":0},"chainType":2,"messageKeys":{}},"Bd4ZgEvPUDgjyPODhrEUVT0Km8HhEOub3LKQG/nq4go9":{"chainKey":{"counter":0},"chainType":2,"messageKeys":{}},"BXSw4L5lk9TgOssR9OIA7EISoL6cD6K+kcuDJmcpFCxJ":{"chainKey":{"counter":0},"chainType":2,"messageKeys":{}},"BbonitVKlapC235cqDYiNE7/iCHzvYXAni4nuHMTGdsh":{"chainKey":{"counter":0},"chainType":2,"messageKeys":{}},"BRYswuip3U/tcWoGTM0imiy/3i+7hLk2Bb4IAbYugk0Z":{"chainKey":{"counter":0},"chainType":2,"messageKeys":{}},"Bcu7Xz287RKwbfZJoY868nhsLYF7Jq3vCeADCTy8oZoQ":{"chainKey":{"counter":2},"chainType":2,"messageKeys":{}},"BQqZQD0+8ukXiJSZdDMvngS59GvdHKU8EbRpvoMwgy1L":{"chainKey":{"counter":1},"chainType":2,"messageKeys":{}},"BXvBpkyQBkLg7eEOpN1FX90nvtq5YC9ew0A86E645DZ+":{"chainKey":{"counter":0,"key":"HvVXLAtltHOX25Fc56n9qh7QqIOTJOJaBs2UXN59gDQ="},"chainType":2,"messageKeys":{}},"BYvC9VBUVgAPzWbvHqiQ4YDoJRQR3QDtMgjR7FGqn1It":{"chainKey":{"counter":0,"key":"4j7MjkJth+KLJR/GtylYobcIzVlV2F4vP3Mt/inRsco="},"chainType":1,"messageKeys":{}}}}},"version":"v1"}