{"_sessions":{"BQjpuV/zGvKIDC+seHUVbV80cDime7rrGsfThBUk1jlz":{"registrationId":662783658,"currentRatchet":{"ephemeralKeyPair":{"pubKey":"Be3IFNAt8GlxEb28JYhj5Zrles/omzaQUXuI543G0vZv","privKey":"ON7TM/2SVGUXR1kZGxDsIR+xZcj2G4EHkFzw+j4llVQ="},"lastRemoteEphemeralKey":"BdSEJWgBCKByo7a3eXBhqIiiVeRKVreGDdfXG8bNxkY+","previousCounter":9,"rootKey":"HebARwQJ2wY8lBQkmlB5DEnKzIsQQyl5Z75si+iuMDw="},"indexInfo":{"baseKey":"BQjpuV/zGvKIDC+seHUVbV80cDime7rrGsfThBUk1jlz","baseKeyType":1,"closed":-1,"used":1702214047227,"created":1702095193655,"remoteIdentityKey":"BUsgLcTS/N572+C6sUtlE6qzxtHaoBCaR9CQ9hZcRV01"},"_chains":{"BdSEJWgBCKByo7a3eXBhqIiiVeRKVreGDdfXG8bNxkY+":{"chainKey":{"counter":0,"key":"XxdfJqtqvDE5RIm3phvNpfU2Vldi6rauwI51BgekEbo="},"chainType":2,"messageKeys":{}},"Be3IFNAt8GlxEb28JYhj5Zrles/omzaQUXuI543G0vZv":{"chainKey":{"counter":5,"key":"D0DsGDMr9vM5H+62ZNzQDuvInmNBp1iQy4u128rOOdw="},"chainType":1,"messageKeys":{}}}}},"version":"v1"}