{"_sessions":{"BRhq2BBQxwOF6ImOwbrC1zTIh7FxBNMchA30tHwugiYH":{"registrationId":1505762018,"currentRatchet":{"ephemeralKeyPair":{"pubKey":"BYXoSpt2SzTfivTbqGEHKn2yscAIq2YytFxEG68yXtQ5","privKey":"YME3FhIlSFKoJNkV41RnFP54yy+CsOE/Yrvtp6EygFs="},"lastRemoteEphemeralKey":"Ba3GwXyCd76SXzt9SYWL2TGpgJ5YpRLGsV0XLDLVqNot","previousCounter":0,"rootKey":"QFsbja81y2gzn+As2c42A2R57GHDEq+HkQH6b5h1kc8="},"indexInfo":{"baseKey":"BRhq2BBQxwOF6ImOwbrC1zTIh7FxBNMchA30tHwugiYH","baseKeyType":1,"closed":-1,"used":1702095193195,"created":1702095193195,"remoteIdentityKey":"BWHmuSUlsvbB+qxcFj5nf/3GP4mKI8oOhL9IoSMOQolb"},"_chains":{"BYXoSpt2SzTfivTbqGEHKn2yscAIq2YytFxEG68yXtQ5":{"chainKey":{"counter":15,"key":"bVHpRmLPlj2z5j01bHWirXKx3922rgw+LNA5Omn/bw8="},"chainType":1,"messageKeys":{}}},"pendingPreKey":{"signedKeyId":1,"baseKey":"BRhq2BBQxwOF6ImOwbrC1zTIh7FxBNMchA30tHwugiYH","preKeyId":5484800}}},"version":"v1"}