{"_sessions":{"BeZBjYScrFYmJwFjaQCFqHlhHyeQGiB9W+1hEaXLAsR+":{"registrationId":312571974,"currentRatchet":{"ephemeralKeyPair":{"pubKey":"BZTgkgnzF2N9j6dppJtoxiTmFdegMRWlME/8fFCjxshk","privKey":"2NbbvUuKD1JlTGjZAolcJwhEDTdNlLub56PqPQjlvlA="},"lastRemoteEphemeralKey":"BeVPKCGZ+Hlj0yOaKfpjH7hQtCu/NCexsmglA+nZ0LoX","previousCounter":10,"rootKey":"VuOGIrLuEaQMHg6HwKPQ0dCnvUDKfIAJpNngjQMPCcY="},"indexInfo":{"baseKey":"BeZBjYScrFYmJwFjaQCFqHlhHyeQGiB9W+1hEaXLAsR+","baseKeyType":1,"closed":-1,"used":1702485660338,"created":1702095193639,"remoteIdentityKey":"BdREcvn78EEQ3JTqIZLXeQjm4Lmv5Ds5guAXKpGe9tgs"},"_chains":{"BeVPKCGZ+Hlj0yOaKfpjH7hQtCu/NCexsmglA+nZ0LoX":{"chainKey":{"counter":0,"key":"Tz3zORY2nYiyjUyZzBqSxfHApBbGJfeVeBZohpM8dMU="},"chainType":2,"messageKeys":{}},"BZTgkgnzF2N9j6dppJtoxiTmFdegMRWlME/8fFCjxshk":{"chainKey":{"counter":4,"key":"qt4dxNpUDEnI4V16EFvORkDY9sR6nfokf+NanyHeF6M="},"chainType":1,"messageKeys":{}}}}},"version":"v1"}