{"_sessions":{"BYzoqSNEy6QUnFPgEUIIro3sJ3YXpXPJcssY/8mEtcpT":{"registrationId":1589,"currentRatchet":{"ephemeralKeyPair":{"pubKey":"BTrdM5nOaaCAweUYn+OofD4kT2JzHMaeHLxwbAp9nBwG","privKey":"yHrX8/ICUGmMuI0EAx72zqR5JXpx5w/LgVIQcLReQls="},"lastRemoteEphemeralKey":"BVGPYugQHvwe4aphnW7gc7TtrKTNIe1g+sB6F1IYjPIf","previousCounter":0,"rootKey":"G0wXZArlR28n2gDxwjS2U8WG19vDUTxIjtAVOoPccpI="},"indexInfo":{"baseKey":"BYzoqSNEy6QUnFPgEUIIro3sJ3YXpXPJcssY/8mEtcpT","baseKeyType":1,"closed":-1,"used":1702095193128,"created":1702095193128,"remoteIdentityKey":"BfmxOHWQ8q/T0A10johrsNdBNHInDvC3bMmVpFN6ojhp"},"_chains":{"BTrdM5nOaaCAweUYn+OofD4kT2JzHMaeHLxwbAp9nBwG":{"chainKey":{"counter":15,"key":"EIlmi3dhw5KgV0gOlms7e1p6hfPgRjDM4gGCPgDa5LY="},"chainType":1,"messageKeys":{}}},"pendingPreKey":{"signedKeyId":2,"baseKey":"BYzoqSNEy6QUnFPgEUIIro3sJ3YXpXPJcssY/8mEtcpT","preKeyId":2671}}},"version":"v1"}