{"_sessions":{"BaHrj7WJt7Sl+phxwQpzCTN5TAeGKg4SF7jjpG9ExGQq":{"registrationId":706804006,"currentRatchet":{"ephemeralKeyPair":{"pubKey":"BbyIPL/CvhNEgNv8XVyEgUFSHs3aqSUf01DXcxpW9ERU","privKey":"QKP/qvVZt3l2HZK3h7rVISmP7tvAUOi2P6sbYua1IVs="},"lastRemoteEphemeralKey":"BXGvxmR5ijyXJah9LeWPxZrph7Y0wVXPlQ0tClivH44b","previousCounter":0,"rootKey":"DTTZ9mAJhL8yogpyJ+8S4+65vfza9teYenPqS85Q/jE="},"indexInfo":{"baseKey":"BaHrj7WJt7Sl+phxwQpzCTN5TAeGKg4SF7jjpG9ExGQq","baseKeyType":1,"closed":-1,"used":1702095193474,"created":1702095193474,"remoteIdentityKey":"Bb7EvvMXu1DjnmZTKXpSNwquJXpJYAafPQ3IQAaWMo4e"},"_chains":{"BbyIPL/CvhNEgNv8XVyEgUFSHs3aqSUf01DXcxpW9ERU":{"chainKey":{"counter":15,"key":"RE7HFQZudS7nUPgXnwe56Pgj2M1sY3C1dZt9Y1DSSqk="},"chainType":1,"messageKeys":{}}},"pendingPreKey":{"signedKeyId":0,"baseKey":"BaHrj7WJt7Sl+phxwQpzCTN5TAeGKg4SF7jjpG9ExGQq","preKeyId":6153722}}},"version":"v1"}