{"_sessions":{"BYxj4B7lcWEuIWzqqqq9xr6l/OKAHrZE+mA6yUs1I7Eb":{"registrationId":1252975432,"currentRatchet":{"ephemeralKeyPair":{"pubKey":"BfbkY73rJXJLif6K1FX8cUgIMnmBThl55KoEK5wSfuFi","privKey":"cDC7YYlJzj4Bi73rl7G+D+LZJHtdhjXFbY0+xO/tv3k="},"lastRemoteEphemeralKey":"BbcNU3sNPnqzveOQyJuJ/eOa1/QyqFidNv5yTVEOuhBV","previousCounter":0,"rootKey":"GzjOXRynXVvt8mLVAI3hDCrs+DmIFNLims47LXnlhDg="},"indexInfo":{"baseKey":"BYxj4B7lcWEuIWzqqqq9xr6l/OKAHrZE+mA6yUs1I7Eb","baseKeyType":1,"closed":-1,"used":1702095193182,"created":1702095193182,"remoteIdentityKey":"BTNT6VCI370tt9JJgOsnTUj+5H/5+n8Tqi0a6FrTR8kV"},"_chains":{"BfbkY73rJXJLif6K1FX8cUgIMnmBThl55KoEK5wSfuFi":{"chainKey":{"counter":15,"key":"gyjcL7OVoP+VJuvfy7lBEGd4xILTTOjYIkga38g4igM="},"chainType":1,"messageKeys":{}}},"pendingPreKey":{"signedKeyId":9,"baseKey":"BYxj4B7lcWEuIWzqqqq9xr6l/OKAHrZE+mA6yUs1I7Eb","preKeyId":605175}}},"version":"v1"}