{"_sessions":{"BVXET37qvb42wttbzKQP5bB98QYc0W0SnXogXSnFHDIr":{"registrationId":1550855090,"currentRatchet":{"ephemeralKeyPair":{"pubKey":"BQ2+xMt6HvdFaCsLfPMCU2A4dOBcgeVNH2woeteaE1U8","privKey":"4Bv4CulaP2Tuj58g+1yyqjsMYSD1N78QXSEGfzXxMUU="},"lastRemoteEphemeralKey":"Bd4A1Ew9RSbo03Gc191KsOs6FjpBZQf43PgXqnYlt/pj","previousCounter":15,"rootKey":"GvKyONdDBa47rEPz6LjiHy/8uQUTAS7frHdbWsUxv+o="},"indexInfo":{"baseKey":"BVXET37qvb42wttbzKQP5bB98QYc0W0SnXogXSnFHDIr","baseKeyType":1,"closed":-1,"used":1702766188611,"created":1702095193463,"remoteIdentityKey":"BVieSrHAJI2cUb/+RaHxJMdj49A5wG9nxF50u3YwKalY"},"_chains":{"Bd4A1Ew9RSbo03Gc191KsOs6FjpBZQf43PgXqnYlt/pj":{"chainKey":{"counter":0,"key":"VgmL151R0VYFdNWw0H8t6PBDa907MBETW+fOzWoaCfw="},"chainType":2,"messageKeys":{}},"BQ2+xMt6HvdFaCsLfPMCU2A4dOBcgeVNH2woeteaE1U8":{"chainKey":{"counter":-1,"key":"d9/By9ES1Pi9S2ACzDFjuZlg9iiq9P697rUx25ejKv8="},"chainType":1,"messageKeys":{}}}}},"version":"v1"}