{"_sessions":{"BcsbE/xA9ZMD0lKxPx3E+VGgveJoDcWfL+pkiF8dzxBj":{"registrationId":693851797,"currentRatchet":{"ephemeralKeyPair":{"pubKey":"BQMioAsYHLeQWkthg/epi+yq24v0bR4CxiZELtlOunlo","privKey":"OO3IumBphFH9fsOmxxr1GQwYdcX4MQH1kfET01or8Us="},"lastRemoteEphemeralKey":"BfHcIAnu2KgyhaIdsx764+iYRPVKoboZMBSp2Ivtw3Fa","previousCounter":0,"rootKey":"8vveq5purpe6Ck9ZX4HrqWAmfJ9F1ob5SrM9/MEZDyA="},"indexInfo":{"baseKey":"BcsbE/xA9ZMD0lKxPx3E+VGgveJoDcWfL+pkiF8dzxBj","baseKeyType":1,"closed":-1,"used":1702095193781,"created":1702095193781,"remoteIdentityKey":"BR4cFaJ9ENS4n9ZzXkGD+BUh9TW0kLulQaSIUxSH74xQ"},"_chains":{"BQMioAsYHLeQWkthg/epi+yq24v0bR4CxiZELtlOunlo":{"chainKey":{"counter":15,"key":"1I2b7qXk7dYMuaoQLyq+H4Wt4eRYX5XMFKzkB3BXQJg="},"chainType":1,"messageKeys":{}}},"pendingPreKey":{"signedKeyId":1,"baseKey":"BcsbE/xA9ZMD0lKxPx3E+VGgveJoDcWfL+pkiF8dzxBj","preKeyId":15422641}}},"version":"v1"}