{"_sessions":{"BYK6chRhp5dN4H7MKLFP85DsD2q5aA003H5vsHR1XJEf":{"registrationId":1171635521,"currentRatchet":{"ephemeralKeyPair":{"pubKey":"BWZFGMHIUqZIYkQ49nYoN5I8Hml1Aq8pXVLcTnLD01hJ","privKey":"mP0GXC/7ka/dsZpWO6ZvJLn4tLeRUQx6vHmLjvSQpHY="},"lastRemoteEphemeralKey":"BVJ5L+HD0CdlrdM9/GVEZaAFIg6r+RsDZXl8AGY4nBQW","previousCounter":4,"rootKey":"JDNJMoNEo44o/NRJ5FbspHXEgk7PMMp7KlrqG3Xaylw="},"indexInfo":{"baseKey":"BYK6chRhp5dN4H7MKLFP85DsD2q5aA003H5vsHR1XJEf","baseKeyType":1,"closed":-1,"used":1702976424089,"created":1702095193412,"remoteIdentityKey":"BRe5jnQr3MoBC7aTBQgFDi2bUE0sasn1OmUQ4n2/+cQi"},"_chains":{"BXV8cA/aO3XF+aUkhhvVclVqunRX9emsF04uL8Ru8TEr":{"chainKey":{"counter":0},"chainType":2,"messageKeys":{}},"BWdFHhsorMsnsQYVix06gYN5W5vQh03u+kLL7XUe79Bz":{"chainKey":{"counter":0},"chainType":2,"messageKeys":{}},"BQc5dACRKM8uPapwvSRZuup60s/mKSorfy9Th5qGnHcj":{"chainKey":{"counter":2},"chainType":2,"messageKeys":{}},"BVJ5L+HD0CdlrdM9/GVEZaAFIg6r+RsDZXl8AGY4nBQW":{"chainKey":{"counter":2,"key":"ytV1uh4txM1Goqo1CP/VsZ23poAB5LoOiFlraLI+N1Y="},"chainType":2,"messageKeys":{}},"BWZFGMHIUqZIYkQ49nYoN5I8Hml1Aq8pXVLcTnLD01hJ":{"chainKey":{"counter":-1,"key":"pXz82AQ7oLoz9aHLpHpZM6BbI4qM17VjPuRDSajV65Q="},"chainType":1,"messageKeys":{}}}}},"version":"v1"}