{"_sessions":{"BW+NiLht+I5C1nVKfk+jsJFCUu7iSRvF7x/+iM8freEC":{"registrationId":49,"currentRatchet":{"ephemeralKeyPair":{"pubKey":"BVv9B91nlC1WM6qZrsTwO6hxbitAFXMgqXyW4hVagKZ1","privKey":"eN4rREded1Zg4h0jCgLtsZNRRPa3e80x9ptBNLL8g1c="},"lastRemoteEphemeralKey":"BVDy6Js9hdMEk2/L4LsjSKwYIV3565X3o5LdjpICBLp4","previousCounter":0,"rootKey":"6hPRaxqrmJk1TDfGrBdnbsSPD0uTa34N7Dkk+v6sxzQ="},"indexInfo":{"baseKey":"BW+NiLht+I5C1nVKfk+jsJFCUu7iSRvF7x/+iM8freEC","baseKeyType":1,"closed":-1,"used":1702095193122,"created":1702095193122,"remoteIdentityKey":"BQduQemsPta03Fcza0OU0iKzqnmh2tFHv8Grg+9vZvgP"},"_chains":{"BVv9B91nlC1WM6qZrsTwO6hxbitAFXMgqXyW4hVagKZ1":{"chainKey":{"counter":15,"key":"9gLbjjhVTi8U9qToUVbvEK9QPhEmNnB49rAa0ppiSdU="},"chainType":1,"messageKeys":{}}},"pendingPreKey":{"signedKeyId":1,"baseKey":"BW+NiLht+I5C1nVKfk+jsJFCUu7iSRvF7x/+iM8freEC"}}},"version":"v1"}