{"_sessions":{"BVb4cw6gsny6r5EmK3XKjHGE4aK/Ik/eL0tJCu6Yrq1M":{"registrationId":1312168651,"currentRatchet":{"ephemeralKeyPair":{"pubKey":"BYmWstHYuLFViCHINeIAXqfwXb9TWuRexsqOUO+7ll9i","privKey":"mPDGMAjwdEQt199MFm3XTt2Uq8N62Cqkc+N/n4r+A2A="},"lastRemoteEphemeralKey":"BZ3LGMlMbbJbvYXrO72gZa67HUiQKKbPCK/BURc2ulAR","previousCounter":0,"rootKey":"Ex+gJ+wpt/WXVec9d8TUtTwTvdiERQm+rCF9DAQu5Ww="},"indexInfo":{"baseKey":"BVb4cw6gsny6r5EmK3XKjHGE4aK/Ik/eL0tJCu6Yrq1M","baseKeyType":1,"closed":-1,"used":1702095193115,"created":1702095193115,"remoteIdentityKey":"BYd04Z9/eB71UcN6xupmm+vfO4oYpjM0HCeeGPPqSz1I"},"_chains":{"BYmWstHYuLFViCHINeIAXqfwXb9TWuRexsqOUO+7ll9i":{"chainKey":{"counter":15,"key":"nf/tamYhODFb+f3OVyyOyAumZ4KxO+ksypMo1quId5o="},"chainType":1,"messageKeys":{}}},"pendingPreKey":{"signedKeyId":1,"baseKey":"BVb4cw6gsny6r5EmK3XKjHGE4aK/Ik/eL0tJCu6Yrq1M","preKeyId":4296096}}},"version":"v1"}