{"_sessions":{"BdoXGS9MJajtd8edsTOwc9LEuJxOzlEiz9T+d/KvdBQU":{"registrationId":2007077526,"currentRatchet":{"ephemeralKeyPair":{"pubKey":"BbsHRDOv82Ro5nuVqSNdVEX+XY1CuPowCw1UWRdeCdMT","privKey":"sKDvsRKTa5lbvA/eZ3oVtefRnY0SWshfGxTwJ2VLKnQ="},"lastRemoteEphemeralKey":"BbrOdL98khlDfEQ0bQQlN240IRit4cs5SVSjcXaiSCcX","previousCounter":0,"rootKey":"5lQ+93fiCn9cBh2dffzKdmvjyrlZnD1vks8Z6EJXi8c="},"indexInfo":{"baseKey":"BdoXGS9MJajtd8edsTOwc9LEuJxOzlEiz9T+d/KvdBQU","baseKeyType":1,"closed":1702184926721,"used":1702126063006,"created":1702125908080,"remoteIdentityKey":"BQ0vj/975RfSR9Qr9k4AsSDOSgTvR+CxpPD3hA2UaHM6"},"_chains":{"BbrOdL98khlDfEQ0bQQlN240IRit4cs5SVSjcXaiSCcX":{"chainKey":{"counter":0,"key":"jc6ictC2bBvOIGRdYCEk/6iV6Aeq9MYdXDJOlaRMT88="},"chainType":2,"messageKeys":{}},"BbsHRDOv82Ro5nuVqSNdVEX+XY1CuPowCw1UWRdeCdMT":{"chainKey":{"counter":2,"key":"PXuNCDsgkNYTIUFnHINHbxyh9YgFgupF7QqDEedipKY="},"chainType":1,"messageKeys":{}}}},"BUYetUi3AjC9h3vWSBTnWwtBf39UI2ghCyhAdGPMxedA":{"registrationId":552422227,"currentRatchet":{"ephemeralKeyPair":{"pubKey":"Bdqx1+72s+T0Jlii83em/VmbNs3DDFheOrpdPidZstNj","privKey":"yD3zgLVqus5yHD+FHXjJ2Z7/6VgIY0tv7KNDe5P4OEE="},"lastRemoteEphemeralKey":"BZGvc4Eib+DIStwAaMAF04LTTCge9razD8esgJvgSOJK","previousCounter":0,"rootKey":"5ncEG6EDHnYOsYQMYu4f/k/oRt+WgyLDyMnHvTLd/3s="},"indexInfo":{"baseKey":"BUYetUi3AjC9h3vWSBTnWwtBf39UI2ghCyhAdGPMxedA","baseKeyType":1,"closed":1702184928619,"used":1702184926543,"created":1702184926543,"remoteIdentityKey":"BSoE7iwyIKpKRHvADKQuaPvhSh4hBtZ4TiLC3YUGiEYQ"},"_chains":{"Bdqx1+72s+T0Jlii83em/VmbNs3DDFheOrpdPidZstNj":{"chainKey":{"counter":0,"key":"2+Gpl+i1lRTwXv8EiIgR8Ge6xsBgu9JNa6fMM5+0Jxc="},"chainType":1,"messageKeys":{}}},"pendingPreKey":{"signedKeyId":0,"baseKey":"BUYetUi3AjC9h3vWSBTnWwtBf39UI2ghCyhAdGPMxedA","preKeyId":9481171}},"BU26jNpDJGI67YUaNRxEEC99lJXXrgHerBuBC4N5u+of":{"registrationId":552422227,"currentRatchet":{"ephemeralKeyPair":{"pubKey":"BYRuEA1XFg34EG7eawXQRNFHynyTplagVntfz04Llfpq","privKey":"6LXJgR81IxAIyHIdGj9CNfJxSpNPnL2lFBCV5XcbL2E="},"lastRemoteEphemeralKey":"BTGNuIVWeOhBgz1hDrftNra0XsUzAP8btQ/z8OyCITNR","previousCounter":4,"rootKey":"JVzWBqPblCG1rDDHQABD4aaNnD9gDVOSeCdpVDCj0/I="},"indexInfo":{"baseKey":"BU26jNpDJGI67YUaNRxEEC99lJXXrgHerBuBC4N5u+of","baseKeyType":1,"closed":-1,"used":1702899426239,"created":1702184928590,"remoteIdentityKey":"BSoE7iwyIKpKRHvADKQuaPvhSh4hBtZ4TiLC3YUGiEYQ"},"_chains":{"BUpjIQEDmuiC9tGz4Tsd7Wm1Y8J3iCG71ZgwMtaxRptF":{"chainKey":{"counter":0},"chainType":2,"messageKeys":{}},"BY1a3JXZ9f63q8XJhnvS3OCvAeOTvWGmQTxpcGlkKUIK":{"chainKey":{"counter":0},"chainType":2,"messageKeys":{}},"BTGNuIVWeOhBgz1hDrftNra0XsUzAP8btQ/z8OyCITNR":{"chainKey":{"counter":1,"key":"yq7G+9S1DcqVnsqTzH3ovibQxcfYOnCY8VUUogxPGmo="},"chainType":2,"messageKeys":{"0":"0j7zhI6eIy7x6iJLCBD6tBezaGvn63G6KZvW3n8Ivp0="}},"BYRuEA1XFg34EG7eawXQRNFHynyTplagVntfz04Llfpq":{"chainKey":{"counter":-1,"key":"J+nqKhDGI2dLPdw2cvi86ZibuMe/vxYeLMvRKWRFx50="},"chainType":1,"messageKeys":{}}}}},"version":"v1"}