{"_sessions":{"BQQAgViwAkBmTgkJ49PYdfLjqOyORd2r0N9HSqNdOC8M":{"registrationId":1416177847,"currentRatchet":{"ephemeralKeyPair":{"pubKey":"BU0uBZIOuT3kU3RSeCawT5u/O14rfszCD6zrsOZy7yMM","privKey":"mP8MejZont1aVpG8yawMlLYd1+SPC4b1hr8SrWBkt3c="},"lastRemoteEphemeralKey":"BcRyfhYRWgo+fCqubECWBZyQzVz09QUrx2gh5TiFEHkF","previousCounter":0,"rootKey":"LF4hppGXOYisrTQEgCAHF9ixx3xEm2ngD6tBhy8I2ks="},"indexInfo":{"baseKey":"BQQAgViwAkBmTgkJ49PYdfLjqOyORd2r0N9HSqNdOC8M","baseKeyType":1,"closed":1702132911832,"used":1702095193670,"created":1702095193670,"remoteIdentityKey":"BZg5Hy/JHoHOAgkFoSQmLIlm0UqII4/tiATc/pL8W3cJ"},"_chains":{"BU0uBZIOuT3kU3RSeCawT5u/O14rfszCD6zrsOZy7yMM":{"chainKey":{"counter":3,"key":"W0DZfBpUYUqKdaQcEuxsrwlkwYBg/VwfPc/s9rgexdU="},"chainType":1,"messageKeys":{}}},"pendingPreKey":{"signedKeyId":0,"baseKey":"BQQAgViwAkBmTgkJ49PYdfLjqOyORd2r0N9HSqNdOC8M","preKeyId":5136736}},"Bf4x6u61eksnlovY9w0J6Cv3AfcUMezMDsyFD5svLPZb":{"registrationId":625944239,"currentRatchet":{"ephemeralKeyPair":{"pubKey":"BSMAiiqqNfDk/Isw+HXQ2kd7B+ijjNhosszGAP67gIIs","privKey":"cHcARz16fhzaezDe9OlmJacvsR33sQXNvvgB0VV5vVk="},"lastRemoteEphemeralKey":"BUxTrCSW44uUuWIWYNjfrrIUeVNkuoJEcaGjtoleVPkV","previousCounter":0,"rootKey":"SZTvEKhYWA8BUZlVEfREbaME5pfwIuuxNtMl//yyIAU="},"indexInfo":{"baseKey":"Bf4x6u61eksnlovY9w0J6Cv3AfcUMezMDsyFD5svLPZb","baseKeyType":1,"closed":1702132917646,"used":1702132911830,"created":1702132911830,"remoteIdentityKey":"BWhLS89KTTntFPFZf7XTquRKlPn7+lMNxbatmm+3Og1a"},"_chains":{"BSMAiiqqNfDk/Isw+HXQ2kd7B+ijjNhosszGAP67gIIs":{"chainKey":{"counter":0,"key":"BnkEsOSgAYRnpbZL563IasVKCDF1lVkGWs9FChnqeR8="},"chainType":1,"messageKeys":{}}},"pendingPreKey":{"signedKeyId":0,"baseKey":"Bf4x6u61eksnlovY9w0J6Cv3AfcUMezMDsyFD5svLPZb","preKeyId":11744386}},"BRZc6W+X6ftyaL8z0GtMYDb9RdauH/HolnzXD7ieBoBQ":{"registrationId":625944239,"currentRatchet":{"ephemeralKeyPair":{"pubKey":"BbtOtM6V6fD2/bGIITk/ReAKSsGbmgNzrh5g9whO+kA8","privKey":"qDwo6hGP6W6tYN+4onvGTyAHY2Aw9Xo7OPI8U0cuOn0="},"lastRemoteEphemeralKey":"BUxTrCSW44uUuWIWYNjfrrIUeVNkuoJEcaGjtoleVPkV","previousCounter":0,"rootKey":"M0HAOR6dFnx+naiSdCtH/YMJGAjUxRuc78nnUgmsOmM="},"indexInfo":{"baseKey":"BRZc6W+X6ftyaL8z0GtMYDb9RdauH/HolnzXD7ieBoBQ","baseKeyType":1,"closed":-1,"used":1702132917644,"created":1702132917644,"remoteIdentityKey":"BWhLS89KTTntFPFZf7XTquRKlPn7+lMNxbatmm+3Og1a"},"_chains":{"BbtOtM6V6fD2/bGIITk/ReAKSsGbmgNzrh5g9whO+kA8":{"chainKey":{"counter":10,"key":"uk/0Ve+rLrE1I7SnTl6+j03FWMuAHT5XT7YN0pM5rZo="},"chainType":1,"messageKeys":{}}},"pendingPreKey":{"signedKeyId":0,"baseKey":"BRZc6W+X6ftyaL8z0GtMYDb9RdauH/HolnzXD7ieBoBQ","preKeyId":11744025}}},"version":"v1"}