{"_sessions":{"BZSTEY9qJm6Ro9WyPPw5qhKhoT1ZV5y7pPVIeyX3O0Ef":{"registrationId":855067688,"currentRatchet":{"ephemeralKeyPair":{"pubKey":"BcVargdaOKsb25uV37M+O/wHvydj/ZI42cSYzDN85hkp","privKey":"yFqxb3gJKpqgrcbqraEQk0iDWXYeY7B7RgZFL9B6N1g="},"lastRemoteEphemeralKey":"Bfvk8VRa/ZuySuWs932VLd0/6brXIlZF9GJUeXmLsVIs","previousCounter":0,"rootKey":"u0mhkDw7iFjdqPGh3VfUxRwolMgUkZjY8PspL/rVOBk="},"indexInfo":{"baseKey":"BZSTEY9qJm6Ro9WyPPw5qhKhoT1ZV5y7pPVIeyX3O0Ef","baseKeyType":1,"closed":-1,"used":1702479676112,"created":1702479676112,"remoteIdentityKey":"BQM4CFBO8gmLImsCKrTc3x+HSuNWFwkySlmwk5opFB4e"},"_chains":{"BcVargdaOKsb25uV37M+O/wHvydj/ZI42cSYzDN85hkp":{"chainKey":{"counter":381,"key":"CZ5tYr9IAq84bX0SkAhXQF2xPTD3P9QQcyfmqborYKA="},"chainType":1,"messageKeys":{}}},"pendingPreKey":{"signedKeyId":0,"baseKey":"BZSTEY9qJm6Ro9WyPPw5qhKhoT1ZV5y7pPVIeyX3O0Ef","preKeyId":2125701}}},"version":"v1"}