{"_sessions":{"BfeXI5aZZ2SJYeHDZBy/IgLzSP75kq3fUoZzKoSlYMt/":{"registrationId":1847270750,"currentRatchet":{"ephemeralKeyPair":{"pubKey":"Bd0G4EsLBbvvAXTq7mwlChk3R5jtG78JL591kNsqMN8h","privKey":"YD6Cbm9XsbAgQSUBddiwlxi5nCm4yZaA5chPMPG8e0A="},"lastRemoteEphemeralKey":"BTk/IFgwq110d6KnYHOT+q5QU1oDsqyrXUQZ4GeSseME","previousCounter":0,"rootKey":"aVBmwUi5KDPEQUqm98E6uf49wlBrS7rAVk5LC6PG/s8="},"indexInfo":{"baseKey":"BfeXI5aZZ2SJYeHDZBy/IgLzSP75kq3fUoZzKoSlYMt/","baseKeyType":2,"closed":-1,"used":1702978138588,"created":1702212699053,"remoteIdentityKey":"BZvhovGtHmFu9n4Oj1RZJSW8aCJhYe9q7941YOnLjKlJ"},"_chains":{"BTpZ5PvOcAPthRjfr00YU8HnNvqD+P1ZiQHRbVULvwg1":{"chainKey":{"counter":0},"chainType":2,"messageKeys":{}},"BTk/IFgwq110d6KnYHOT+q5QU1oDsqyrXUQZ4GeSseME":{"chainKey":{"counter":9,"key":"Y2eB2qBP/9w5omCVkfkEYLUhTNn28/xAGii7rWHBAsk="},"chainType":2,"messageKeys":{}},"Bd0G4EsLBbvvAXTq7mwlChk3R5jtG78JL591kNsqMN8h":{"chainKey":{"counter":-1,"key":"dXolku9d9jjcxpDWJT/a2wxxFmW07p2ZhiCPWTfvuE8="},"chainType":1,"messageKeys":{}}}}},"version":"v1"}