{"_sessions":{"BaRzy90LeNKnk19cUQFovqcT2tuRkokgxk6mfvUh1NRs":{"registrationId":2004062865,"currentRatchet":{"ephemeralKeyPair":{"pubKey":"BaKmUOMN4xgInYdHTVfXpfNEK0alogQllHG3/5L5NywS","privKey":"2FUQxAgKPgrETIjgtdWD3u0t8JkZvnMPaujhR11Qwlc="},"lastRemoteEphemeralKey":"BZba+IzgXxIJwLAXIkAJvDBMr3GfdSUoioZEM2iuKQ4m","previousCounter":0,"rootKey":"rY/fM2l+Oen7eWkwZBNknj5PHNE5SUxXysZ3M7O2mfM="},"indexInfo":{"baseKey":"BaRzy90LeNKnk19cUQFovqcT2tuRkokgxk6mfvUh1NRs","baseKeyType":1,"closed":-1,"used":1702095193189,"created":1702095193189,"remoteIdentityKey":"BQWjgKt2cQiVPa/1ciNXd9qvdMG/SrY8NK1GDumKNIx8"},"_chains":{"BaKmUOMN4xgInYdHTVfXpfNEK0alogQllHG3/5L5NywS":{"chainKey":{"counter":15,"key":"fFnBKwrKixvyxgS3mstvOoe854y+6749sNPbr/vd0mA="},"chainType":1,"messageKeys":{}}},"pendingPreKey":{"signedKeyId":23,"baseKey":"BaRzy90LeNKnk19cUQFovqcT2tuRkokgxk6mfvUh1NRs","preKeyId":2095941}}},"version":"v1"}