{"_sessions":{"BVf4ITYQpSGsX7YFWXf8pHH6umJJrhYEo/Ujz9U6tO5t":{"registrationId":28,"currentRatchet":{"ephemeralKeyPair":{"pubKey":"BbsdHPh/JEBAiEc7A7F/b7KLpleS3xBzn6LLFM3eSEMv","privKey":"iNrzxU+x4bKqF7o3O8fHMvaPBHOePvC9+9yipf+q1Xc="},"lastRemoteEphemeralKey":"BVn8BJGgRP72k4hK5XMzMONuLhe1LiCDkggEVDmktzJg","previousCounter":0,"rootKey":"xd1ThYf1e0Y99V2pwa4N4i59a9bE5p8/CIYxb4Yd+o0="},"indexInfo":{"baseKey":"BVf4ITYQpSGsX7YFWXf8pHH6umJJrhYEo/Ujz9U6tO5t","baseKeyType":1,"closed":1702479676890,"used":1702479676108,"created":1702479676108,"remoteIdentityKey":"BdtwRi1/JWNP7OanDT0e6USZHqAINNgJWXeQJfimMVtO"},"_chains":{"BbsdHPh/JEBAiEc7A7F/b7KLpleS3xBzn6LLFM3eSEMv":{"chainKey":{"counter":0,"key":"ahN5aCO2EgmAp3wd9saNZea45XRTm52ZDlAiZJxdFtA="},"chainType":1,"messageKeys":{}}},"pendingPreKey":{"signedKeyId":1,"baseKey":"BVf4ITYQpSGsX7YFWXf8pHH6umJJrhYEo/Ujz9U6tO5t","preKeyId":10}},"BcGLvA0hpPava6H6AIr+WDnxwfX47CoENSdxxJfiPaBG":{"registrationId":28,"currentRatchet":{"ephemeralKeyPair":{"pubKey":"BdGYJYb6TGe4rd/GbFBzG/gyspJoMTeZjWLpA4ZjqCxE","privKey":"yC4YVrBJ+yUPk186zU9jvYNFg/+w6b3IY0vP3a36NGI="},"lastRemoteEphemeralKey":"Bar7RMrUprl3jBrqvNM5CJTK+f02ZpOvzsNv+vR6JBlJ","previousCounter":0,"rootKey":"Dmw+Dl4mUQf2tm5mET/Jx5Le19pTUFr00oiJbpbRnnQ="},"indexInfo":{"baseKey":"BcGLvA0hpPava6H6AIr+WDnxwfX47CoENSdxxJfiPaBG","baseKeyType":2,"closed":-1,"used":1702479676896,"created":1702479676896,"remoteIdentityKey":"BdtwRi1/JWNP7OanDT0e6USZHqAINNgJWXeQJfimMVtO"},"_chains":{"Bar7RMrUprl3jBrqvNM5CJTK+f02ZpOvzsNv+vR6JBlJ":{"chainKey":{"counter":153,"key":"vh9rD6c54rTY6+6lZqeIi7/NC5w7T+uRaN2g+qvzrVg="},"chainType":2,"messageKeys":{}},"BdGYJYb6TGe4rd/GbFBzG/gyspJoMTeZjWLpA4ZjqCxE":{"chainKey":{"counter":332,"key":"YO5fUrmM8eQbnFXBwNqD0c0gGD6206n861b9h00BNTM="},"chainType":1,"messageKeys":{}}}}},"version":"v1"}