{"_sessions":{"BTvDFINTFE64x8qKWz3AVBOyBXT0mZ3D58QemX6LV+w0":{"registrationId":527883790,"currentRatchet":{"ephemeralKeyPair":{"pubKey":"BdHVSTU6JQzebfZQXnmt7TgqfeYhV7I5gKc14RbT4jRz","privKey":"uDoA0DGRv/zwB/9PvzDP9RzmKoDMMsrRDyWtYx0rflM="},"lastRemoteEphemeralKey":"BS+ITTRU35H1PGpbnYVWMOD5gvOZ5jDVeWHCvKRjIIVX","previousCounter":0,"rootKey":"k3cqVUylMPm1o9ssQ5oMouWpxEYxNUncsYePDRutLjo="},"indexInfo":{"baseKey":"BTvDFINTFE64x8qKWz3AVBOyBXT0mZ3D58QemX6LV+w0","baseKeyType":1,"closed":-1,"used":1702095193703,"created":1702095193703,"remoteIdentityKey":"BdjZBt87f/5OCBsNuSR3h/2KF5TyQQVOOambPhdjwuEl"},"_chains":{"BdHVSTU6JQzebfZQXnmt7TgqfeYhV7I5gKc14RbT4jRz":{"chainKey":{"counter":15,"key":"fqaa+vAa7dqIvw08wCD+smxrtavd1cUB23TPdwrHHSE="},"chainType":1,"messageKeys":{}}},"pendingPreKey":{"signedKeyId":8,"baseKey":"BTvDFINTFE64x8qKWz3AVBOyBXT0mZ3D58QemX6LV+w0","preKeyId":15857766}}},"version":"v1"}