{"_sessions":{"BY7wPctj8SUTl9MjzC0zaYN/czXN5+Wyod1Yttbm+a4Y":{"registrationId":1891766823,"currentRatchet":{"ephemeralKeyPair":{"pubKey":"Be7Qz6oz34tsOL4KG81EiCso2+NQ6b4sIYZeQ1xUSv4T","privKey":"MCUNyNI98ycueeDG2QrN9w4yeENfP5NzSC3+g2cK7Uk="},"lastRemoteEphemeralKey":"Ba/hZbgrwZfOvstaAT+Pvvcnbl9UPIZTLPp+CbklDS13","previousCounter":0,"rootKey":"zuvyDxw0QX4dlpYQFOUwDvEzfIJRMn9UHWUeFOBOvlM="},"indexInfo":{"baseKey":"BY7wPctj8SUTl9MjzC0zaYN/czXN5+Wyod1Yttbm+a4Y","baseKeyType":1,"closed":-1,"used":1702385738798,"created":1702095193568,"remoteIdentityKey":"Bdjwef1M4IKxaBuDXcfsiL7YhvfZYYEkRoogHJmFPsgW"},"_chains":{"BcrSls7F9L7SYRfSjGQ93iJx+/aeWxIokaqbZ8K+7rpz":{"chainKey":{"counter":0},"chainType":2,"messageKeys":{}},"Ba/hZbgrwZfOvstaAT+Pvvcnbl9UPIZTLPp+CbklDS13":{"chainKey":{"counter":0,"key":"Js/qs/k2ui3fGdJY4HZ4+IktOkp5PUum8YkSKwKMvWM="},"chainType":2,"messageKeys":{}},"Be7Qz6oz34tsOL4KG81EiCso2+NQ6b4sIYZeQ1xUSv4T":{"chainKey":{"counter":4,"key":"TqoDrIaXj8Sbo1IF8UY3msSOr6Tmu7R9aGGQD4qTpz8="},"chainType":1,"messageKeys":{}}}}},"version":"v1"}