{"_sessions":{"BVnAU5JYX9374FCJiwFI8H8/JvoFhVx0QanFEuLTCa5e":{"registrationId":1297064326,"currentRatchet":{"ephemeralKeyPair":{"pubKey":"Bb+Wsmu1LJ849M9PgvtfrQdKjvItNhB3bvDGZfLRCNkn","privKey":"oI2lBBK5RS8o849iGoxRdtL0yuSXrMYfLHfAXo0Vu2w="},"lastRemoteEphemeralKey":"BSXXnCpeZunvn1OwOt5WE/URGqhV8EycnW43XxQ9OvYG","previousCounter":0,"rootKey":"xyP6dPGkZlbphRhtSrGEKGSVs1vw6S6UVmHxvaZBEfo="},"indexInfo":{"baseKey":"BVnAU5JYX9374FCJiwFI8H8/JvoFhVx0QanFEuLTCa5e","baseKeyType":1,"closed":-1,"used":1702095193685,"created":1702095193685,"remoteIdentityKey":"BS9ZTe0KGL8GflD2GxAeM29AxEIt1VLPbWtigyVsQAVk"},"_chains":{"Bb+Wsmu1LJ849M9PgvtfrQdKjvItNhB3bvDGZfLRCNkn":{"chainKey":{"counter":15,"key":"Ozx6Ppv6Yc2H+0KwxbYmowVnCCuTHSoVxu03GaW+Qp0="},"chainType":1,"messageKeys":{}}},"pendingPreKey":{"signedKeyId":34,"baseKey":"BVnAU5JYX9374FCJiwFI8H8/JvoFhVx0QanFEuLTCa5e","preKeyId":2766810}}},"version":"v1"}