{"_sessions":{"BTe8p41nqpPmS22q04OEG+Z7RBuaIQHy/Q3pgIpKUJYd":{"registrationId":1732856921,"currentRatchet":{"ephemeralKeyPair":{"pubKey":"BYWhfIjxCgIGLqCHVbH2OesKWocChoMmCQFTL/4B8FJZ","privKey":"aBxGLET9TLFGEyFh5CkT2tXMCnrYCFf47ZHUpMOael8="},"lastRemoteEphemeralKey":"BZMoJgtfEdJZql9ypmqpv71BTIVkSj9qTTZ4RIMieeAT","previousCounter":0,"rootKey":"gs0ksKlv2uJc73Dj5EhqDGync5TrimKt+cRdZXQzirQ="},"indexInfo":{"baseKey":"BTe8p41nqpPmS22q04OEG+Z7RBuaIQHy/Q3pgIpKUJYd","baseKeyType":1,"closed":-1,"used":1702733428214,"created":1702095193174,"remoteIdentityKey":"BSkZdrVrWXMiVF5X2ayJp7mTSLrukbZHNN0j46XRAgYs"},"_chains":{"Bd7zyl1uHTQW7Qap0TyhUAzB/7govamzMOj/t/hgKFVD":{"chainKey":{"counter":1},"chainType":2,"messageKeys":{}},"BWcXPwqc1s+PdIR8kJbvtYhfNPaXl+hKYOA/DevGPsVx":{"chainKey":{"counter":0},"chainType":2,"messageKeys":{}},"BdcNkIC93Qo44fbARSF4SRT9tqddcHh9gJhpLUshyzod":{"chainKey":{"counter":1},"chainType":2,"messageKeys":{}},"BZMoJgtfEdJZql9ypmqpv71BTIVkSj9qTTZ4RIMieeAT":{"chainKey":{"counter":1,"key":"f+B0DIqvafSN8U65746QK6ne7aI3CPGJPcLnAlnCvt8="},"chainType":2,"messageKeys":{}},"BYWhfIjxCgIGLqCHVbH2OesKWocChoMmCQFTL/4B8FJZ":{"chainKey":{"counter":3,"key":"1yp4tTD0DcM9w3vQfbqgWRNh1j5lW50ZORIje3jdie0="},"chainType":1,"messageKeys":{}}}}},"version":"v1"}