{"_sessions":{"BdroF54s1XySuAGhSwjGg4CwnVBYbMX1mHjHa0AtlTdp":{"registrationId":181325705,"currentRatchet":{"ephemeralKeyPair":{"pubKey":"BXRfB7mmMuMnRvd8miZt+N7tdHvD2zojVpbKx7Yw0kJn","privKey":"yFfxGQXHLQCOygYNtyumLU8x9tSMqZOaMVqsflXiQ2M="},"lastRemoteEphemeralKey":"BQPNw5RgrDFEPtV6Zg6HGuRgtRlAidIPJCzEq/MRNoJ5","previousCounter":0,"rootKey":"iNSBIO1s54V3lRXjimuRUHaMmbd6e4GiN5ufvFPGLIU="},"indexInfo":{"baseKey":"BdroF54s1XySuAGhSwjGg4CwnVBYbMX1mHjHa0AtlTdp","baseKeyType":1,"closed":-1,"used":1702095193493,"created":1702095193493,"remoteIdentityKey":"BaUcE22gqT4IL+/qOKilULQgmr24rdMDzX+BeGzRb51M"},"_chains":{"BXRfB7mmMuMnRvd8miZt+N7tdHvD2zojVpbKx7Yw0kJn":{"chainKey":{"counter":15,"key":"GAK9TLcfyMVU0JKkqQVcw241xPo7tpB+g4ciEeBWI2Q="},"chainType":1,"messageKeys":{}}},"pendingPreKey":{"signedKeyId":73,"baseKey":"BdroF54s1XySuAGhSwjGg4CwnVBYbMX1mHjHa0AtlTdp","preKeyId":9989312}}},"version":"v1"}