{"_sessions":{"BU5ZqKKh9JnHkX3bBNI0zajF6EJKO5UQUbAaDiut/4gY":{"registrationId":598213985,"currentRatchet":{"ephemeralKeyPair":{"pubKey":"BVt4BrE6hRyVvCJVIyQFsNBGtToWn5T/lpxLolDsJnB9","privKey":"4Fq8jGNY/NzFUaKmFkp+xz0k1WAkZ1KbQ/b9X1f4oVI="},"lastRemoteEphemeralKey":"BcL/5daoQNICjXrJlAFYRa1w6bMjzHktXpPIuGrk6xc5","previousCounter":0,"rootKey":"ixpBtGsJNoCo8Gmq4cTgqC1YeaWePem7Wynr93fBNCc="},"indexInfo":{"baseKey":"BU5ZqKKh9JnHkX3bBNI0zajF6EJKO5UQUbAaDiut/4gY","baseKeyType":1,"closed":-1,"used":1702095193675,"created":1702095193675,"remoteIdentityKey":"BecFcqTnoBsdqtpPlbzHZxWn5BM252NKLsYVWFtpAYZa"},"_chains":{"BVt4BrE6hRyVvCJVIyQFsNBGtToWn5T/lpxLolDsJnB9":{"chainKey":{"counter":10,"key":"mQa+jbU/eMBVDLmHLltFryR+uzRi1DvVTTS1XGYWyCw="},"chainType":1,"messageKeys":{}}},"pendingPreKey":{"signedKeyId":8,"baseKey":"BU5ZqKKh9JnHkX3bBNI0zajF6EJKO5UQUbAaDiut/4gY"}}},"version":"v1"}