{"_sessions":{"BYZI93MXcrmHS3P4tMBar9QivHh7ldbSQ6FkqW6wnhty":{"registrationId":9072,"currentRatchet":{"ephemeralKeyPair":{"pubKey":"BRHz2b9chADjinp93aR9QyncJKnFj9r0UbS8X7MgUJZV","privKey":"GIQm2TSjVhMoIu6VCob5Q9OqStmdYIl8Houi15Jkzns="},"lastRemoteEphemeralKey":"BQQ7HyjRDIt/SFfq12hLmkDmJ2RpuojHD+ZFByxQ/gdP","previousCounter":0,"rootKey":"EtTJTnuu5uUZBo4RtDA9dtH7h5PquE10WXJuaBglXlw="},"indexInfo":{"baseKey":"BYZI93MXcrmHS3P4tMBar9QivHh7ldbSQ6FkqW6wnhty","baseKeyType":1,"closed":-1,"used":1702543981851,"created":1702543981851,"remoteIdentityKey":"BTvNTNuBN+5ZRAOgLnXJUEoovI4RCxk1rRD3UTSG5FgK"},"_chains":{"BRHz2b9chADjinp93aR9QyncJKnFj9r0UbS8X7MgUJZV":{"chainKey":{"counter":0,"key":"h/Wn3PykQk34GkNDqBQ+vjU+1oDuBhbTts19q1d8Slg="},"chainType":1,"messageKeys":{}}},"pendingPreKey":{"signedKeyId":1,"baseKey":"BYZI93MXcrmHS3P4tMBar9QivHh7ldbSQ6FkqW6wnhty","preKeyId":108}}},"version":"v1"}